,Confirmed Cases,Date,Country,Death
1/22/20,1.0,1/22/20,United States,0.0
1/23/20,0.0,1/23/20,United States,0.0
1/24/20,1.0,1/24/20,United States,0.0
1/25/20,0.0,1/25/20,United States,0.0
1/26/20,3.0,1/26/20,United States,0.0
1/27/20,0.0,1/27/20,United States,0.0
1/28/20,0.0,1/28/20,United States,0.0
1/29/20,1.0,1/29/20,United States,0.0
1/30/20,0.0,1/30/20,United States,0.0
1/31/20,2.0,1/31/20,United States,0.0
2/1/20,0.0,2/1/20,United States,0.0
2/2/20,0.0,2/2/20,United States,0.0
2/3/20,3.0,2/3/20,United States,0.0
2/4/20,0.0,2/4/20,United States,0.0
2/5/20,0.0,2/5/20,United States,0.0
2/6/20,1.0,2/6/20,United States,0.0
2/7/20,0.0,2/7/20,United States,0.0
2/8/20,0.0,2/8/20,United States,0.0
2/9/20,0.0,2/9/20,United States,0.0
2/10/20,0.0,2/10/20,United States,0.0
2/11/20,1.0,2/11/20,United States,0.0
2/12/20,0.0,2/12/20,United States,0.0
2/13/20,1.0,2/13/20,United States,0.0
2/14/20,0.0,2/14/20,United States,0.0
2/15/20,0.0,2/15/20,United States,0.0
2/16/20,0.0,2/16/20,United States,0.0
2/17/20,0.0,2/17/20,United States,0.0
2/18/20,0.0,2/18/20,United States,0.0
2/19/20,0.0,2/19/20,United States,0.0
2/20/20,0.0,2/20/20,United States,0.0
2/21/20,2.0,2/21/20,United States,0.0
2/22/20,0.0,2/22/20,United States,0.0
2/23/20,0.0,2/23/20,United States,0.0
2/24/20,0.0,2/24/20,United States,0.0
2/25/20,0.0,2/25/20,United States,0.0
2/26/20,0.0,2/26/20,United States,0.0
2/27/20,1.0,2/27/20,United States,0.0
2/28/20,0.0,2/28/20,United States,0.0
2/29/20,8.0,2/29/20,United States,1.0
3/1/20,7.0,3/1/20,United States,0.0
3/2/20,23.0,3/2/20,United States,5.0
3/3/20,19.0,3/3/20,United States,1.0
3/4/20,33.0,3/4/20,United States,4.0
3/5/20,77.0,3/5/20,United States,1.0
3/6/20,53.0,3/6/20,United States,2.0
3/7/20,166.0,3/7/20,United States,3.0
3/8/20,116.0,3/8/20,United States,4.0
3/9/20,75.0,3/9/20,United States,1.0
3/10/20,188.0,3/10/20,United States,6.0
3/11/20,365.0,3/11/20,United States,5.0
3/12/20,439.0,3/12/20,United States,10.0
3/13/20,633.0,3/13/20,United States,8.0
3/14/20,759.0,3/14/20,United States,7.0
3/15/20,234.0,3/15/20,United States,12.0
3/16/20,1467.0,3/16/20,United States,27.0
3/17/20,1833.0,3/17/20,United States,37.0
3/18/20,2657.0,3/18/20,United States,60.0
3/19/20,4494.0,3/19/20,United States,72.0
3/20/20,6367.0,3/20/20,United States,106.0
3/21/20,5995.0,3/21/20,United States,103.0
3/22/20,8919.0,3/22/20,United States,128.0
3/23/20,11152.0,3/23/20,United States,187.0
3/24/20,10618.0,3/24/20,United States,243.0
3/25/20,12127.0,3/25/20,United States,333.0
3/26/20,17821.0,3/26/20,United States,417.0
3/27/20,18591.0,3/27/20,United States,522.0
3/28/20,22164.0,3/28/20,United States,713.0
3/29/20,16127.0,3/29/20,United States,555.0
3/30/20,22154.0,3/30/20,United States,707.0
3/31/20,26381.0,3/31/20,United States,1079.0
4/1/20,32233.0,4/1/20,United States,1276.0
4/2/20,32230.0,4/2/20,United States,1511.0
4/3/20,32482.0,4/3/20,United States,1420.0
4/4/20,32176.0,4/4/20,United States,1606.0
4/5/20,29604.0,4/5/20,United States,1618.0
4/6/20,31858.0,4/6/20,United States,1733.0
4/7/20,30343.0,4/7/20,United States,2576.0
4/8/20,31148.0,4/8/20,United States,2151.0
4/9/20,36443.0,4/9/20,United States,2213.0
4/10/20,34347.0,4/10/20,United States,2186.0
4/11/20,29278.0,4/11/20,United States,2141.0
4/12/20,26872.0,4/12/20,United States,1889.0
4/13/20,26924.0,4/13/20,United States,1978.0
4/14/20,28395.0,4/14/20,United States,2475.0
4/15/20,25900.0,4/15/20,United States,2587.0
4/16/20,29956.0,4/16/20,United States,2189.0
4/17/20,33157.0,4/17/20,United States,2099.0
4/18/20,27994.0,4/18/20,United States,1944.0
4/19/20,25923.0,4/19/20,United States,1983.0
4/20/20,29680.0,4/20/20,United States,2245.0
4/21/20,26170.0,4/21/20,United States,2483.0
4/22/20,29419.0,4/22/20,United States,2457.0
4/23/20,32769.0,4/23/20,United States,2424.0
4/24/20,32151.0,4/24/20,United States,2169.0
4/25/20,30994.0,4/25/20,United States,1732.0
4/26/20,26547.0,4/26/20,United States,1406.0
4/27/20,23750.0,4/27/20,United States,1480.0
4/28/20,24690.0,4/28/20,United States,2241.0
4/29/20,26221.0,4/29/20,United States,2391.0
4/30/20,29241.0,4/30/20,United States,2192.0
5/1/20,35021.0,5/1/20,United States,1909.0
5/2/20,27824.0,5/2/20,United States,1741.0
5/3/20,24492.0,5/3/20,United States,1203.0
5/4/20,23713.0,5/4/20,United States,1358.0
5/5/20,24329.0,5/5/20,United States,2221.0
5/6/20,24263.0,5/6/20,United States,2319.0
5/7/20,27657.0,5/7/20,United States,1917.0
5/8/20,27272.0,5/8/20,United States,1772.0
5/9/20,24446.0,5/9/20,United States,1464.0
5/10/20,19148.0,5/10/20,United States,1001.0
5/11/20,19034.0,5/11/20,United States,1034.0
5/12/20,22843.0,5/12/20,United States,1591.0
5/13/20,20576.0,5/13/20,United States,1732.0
5/14/20,26532.0,5/14/20,United States,1781.0
5/15/20,24821.0,5/15/20,United States,1665.0
5/16/20,24233.0,5/16/20,United States,1198.0
5/17/20,18798.0,5/17/20,United States,831.0
5/18/20,22134.0,5/18/20,United States,1219.0
5/19/20,20760.0,5/19/20,United States,1445.0
5/20/20,22722.0,5/20/20,United States,1497.0
5/21/20,25806.0,5/21/20,United States,1194.0
5/22/20,23619.0,5/22/20,United States,1204.0
5/23/20,20979.0,5/23/20,United States,1074.0
5/24/20,20591.0,5/24/20,United States,641.0
5/25/20,18653.0,5/25/20,United States,597.0
5/26/20,18576.0,5/26/20,United States,656.0
5/27/20,19406.0,5/27/20,United States,1478.0
5/28/20,21646.0,5/28/20,United States,1089.0
5/29/20,24735.0,5/29/20,United States,1118.0
5/30/20,24084.0,5/30/20,United States,950.0
5/31/20,19454.0,5/31/20,United States,621.0
6/1/20,16965.0,6/1/20,United States,771.0
6/2/20,21283.0,6/2/20,United States,983.0
6/3/20,19771.0,6/3/20,United States,1009.0
6/4/20,21723.0,6/4/20,United States,1006.0
6/5/20,25001.0,6/5/20,United States,878.0
6/6/20,21298.0,6/6/20,United States,637.0
6/7/20,18413.0,6/7/20,United States,457.0
6/8/20,16504.0,6/8/20,United States,511.0
6/9/20,18092.0,6/9/20,United States,914.0
6/10/20,21068.0,6/10/20,United States,876.0
6/11/20,22382.0,6/11/20,United States,816.0
6/12/20,25326.0,6/12/20,United States,823.0
6/13/20,24972.0,6/13/20,United States,722.0
6/14/20,19420.0,6/14/20,United States,347.0
6/15/20,18522.0,6/15/20,United States,401.0
6/16/20,23839.0,6/16/20,United States,787.0
6/17/20,27389.0,6/17/20,United States,748.0
6/18/20,28315.0,6/18/20,United States,698.0
6/19/20,31697.0,6/19/20,United States,626.0
6/20/20,32613.0,6/20/20,United States,573.0
6/21/20,26189.0,6/21/20,United States,317.0
6/22/20,30973.0,6/22/20,United States,378.0
6/23/20,37222.0,6/23/20,United States,739.0
6/24/20,36231.0,6/24/20,United States,755.0
6/25/20,40368.0,6/25/20,United States,548.0
6/26/20,46210.0,6/26/20,United States,626.0
6/27/20,41737.0,6/27/20,United States,496.0
6/28/20,41862.0,6/28/20,United States,321.0
6/29/20,39641.0,6/29/20,United States,369.0
6/30/20,48312.0,6/30/20,United States,559.0
7/1/20,51566.0,7/1/20,United States,698.0
7/2/20,56347.0,7/2/20,United States,739.0
7/3/20,52620.0,7/3/20,United States,677.0
7/4/20,48946.0,7/4/20,United States,302.0
7/5/20,50435.0,7/5/20,United States,322.0
7/6/20,42801.0,7/6/20,United States,371.0
7/7/20,58857.0,7/7/20,United States,1142.0
7/8/20,59721.0,7/8/20,United States,841.0
7/9/20,60871.0,7/9/20,United States,1031.0
7/10/20,67773.0,7/10/20,United States,816.0
7/11/20,61368.0,7/11/20,United States,754.0
7/12/20,60684.0,7/12/20,United States,473.0
7/13/20,57559.0,7/13/20,United States,435.0
7/14/20,66438.0,7/14/20,United States,896.0
7/15/20,67957.0,7/15/20,United States,965.0
7/16/20,76023.0,7/16/20,United States,961.0
7/17/20,72240.0,7/17/20,United States,915.0
7/18/20,63797.0,7/18/20,United States,882.0
7/19/20,61447.0,7/19/20,United States,476.0
7/20/20,60207.0,7/20/20,United States,529.0
7/21/20,65579.0,7/21/20,United States,1096.0
7/22/20,70380.0,7/22/20,United States,1225.0
7/23/20,68251.0,7/23/20,United States,1086.0
7/24/20,74147.0,7/24/20,United States,1094.0
7/25/20,66995.0,7/25/20,United States,969.0
7/26/20,56153.0,7/26/20,United States,534.0
7/27/20,56166.0,7/27/20,United States,1100.0
7/28/20,63686.0,7/28/20,United States,1222.0
7/29/20,68372.0,7/29/20,United States,1440.0
7/30/20,67960.0,7/30/20,United States,1289.0
7/31/20,68469.0,7/31/20,United States,1183.0
8/1/20,59132.0,8/1/20,United States,1119.0
8/2/20,46007.0,8/2/20,United States,457.0
8/3/20,45279.0,8/3/20,United States,559.0
8/4/20,54971.0,8/4/20,United States,1255.0
8/5/20,55881.0,8/5/20,United States,1408.0
8/6/20,57230.0,8/6/20,United States,1181.0
8/7/20,61063.0,8/7/20,United States,1291.0
8/8/20,55176.0,8/8/20,United States,1087.0
8/9/20,48137.0,8/9/20,United States,572.0
8/10/20,45220.0,8/10/20,United States,517.0
8/11/20,52599.0,8/11/20,United States,1097.0
8/12/20,52802.0,8/12/20,United States,1515.0
8/13/20,51526.0,8/13/20,United States,1038.0
8/14/20,65072.0,8/14/20,United States,1309.0
8/15/20,49656.0,8/15/20,United States,1045.0
8/16/20,40104.0,8/16/20,United States,608.0
8/17/20,35662.0,8/17/20,United States,469.0
8/18/20,42904.0,8/18/20,United States,1223.0
8/19/20,44261.0,8/19/20,United States,1287.0
8/20/20,44589.0,8/20/20,United States,1107.0
8/21/20,48789.0,8/21/20,United States,1101.0
8/22/20,44404.0,8/22/20,United States,979.0
8/23/20,34564.0,8/23/20,United States,495.0
8/24/20,34874.0,8/24/20,United States,442.0
8/25/20,40927.0,8/25/20,United States,1234.0
8/26/20,43955.0,8/26/20,United States,1178.0
8/27/20,45986.0,8/27/20,United States,1115.0
8/28/20,46530.0,8/28/20,United States,941.0
8/29/20,44238.0,8/29/20,United States,983.0
8/30/20,34928.0,8/30/20,United States,449.0
8/31/20,32613.0,8/31/20,United States,494.0
9/1/20,42943.0,9/1/20,United States,1061.0
9/2/20,40641.0,9/2/20,United States,1052.0
9/3/20,44352.0,9/3/20,United States,1031.0
9/4/20,50688.0,9/4/20,United States,979.0
9/5/20,43508.0,9/5/20,United States,820.0
9/6/20,31050.0,9/6/20,United States,440.0
9/7/20,23898.0,9/7/20,United States,320.0
9/8/20,25690.0,9/8/20,United States,468.0
9/9/20,34536.0,9/9/20,United States,1105.0
9/10/20,35897.0,9/10/20,United States,924.0
9/11/20,48021.0,9/11/20,United States,1156.0
9/12/20,41688.0,9/12/20,United States,749.0
9/13/20,34533.0,9/13/20,United States,400.0
9/14/20,33165.0,9/14/20,United States,423.0
9/15/20,39543.0,9/15/20,United States,1202.0
9/16/20,38874.0,9/16/20,United States,955.0
9/17/20,45250.0,9/17/20,United States,866.0
9/18/20,49223.0,9/18/20,United States,960.0
9/19/20,42738.0,9/19/20,United States,711.0
9/20/20,38917.0,9/20/20,United States,270.0
9/21/20,50594.0,9/21/20,United States,413.0
9/22/20,40160.0,9/22/20,United States,1035.0
9/23/20,38852.0,9/23/20,United States,1065.0
9/24/20,47475.0,9/24/20,United States,907.0
9/25/20,48547.0,9/25/20,United States,915.0
9/26/20,44930.0,9/26/20,United States,783.0
9/27/20,38154.0,9/27/20,United States,312.0
9/28/20,32449.0,9/28/20,United States,341.0
9/29/20,43514.0,9/29/20,United States,902.0
9/30/20,39079.0,9/30/20,United States,932.0
10/1/20,46094.0,10/1/20,United States,916.0
10/2/20,55131.0,10/2/20,United States,841.0
10/3/20,50659.0,10/3/20,United States,686.0
10/4/20,34632.0,10/4/20,United States,369.0
10/5/20,38229.0,10/5/20,United States,482.0
10/6/20,45219.0,10/6/20,United States,701.0
10/7/20,51217.0,10/7/20,United States,919.0
10/8/20,58915.0,10/8/20,United States,982.0
10/9/20,56750.0,10/9/20,United States,973.0
10/10/20,55739.0,10/10/20,United States,660.0
10/11/20,46831.0,10/11/20,United States,467.0
10/12/20,41732.0,10/12/20,United States,398.0
10/13/20,51091.0,10/13/20,United States,777.0
10/14/20,59302.0,10/14/20,United States,999.0
10/15/20,65115.0,10/15/20,United States,845.0
10/16/20,69121.0,10/16/20,United States,943.0
10/17/20,57692.0,10/17/20,United States,820.0
10/18/20,50988.0,10/18/20,United States,463.0
10/19/20,66738.0,10/19/20,United States,490.0
10/20/20,61695.0,10/20/20,United States,937.0
10/21/20,63321.0,10/21/20,United States,1174.0
10/22/20,76225.0,10/22/20,United States,857.0
10/23/20,82478.0,10/23/20,United States,950.0
10/24/20,83727.0,10/24/20,United States,963.0
10/25/20,62667.0,10/25/20,United States,458.0
10/26/20,65976.0,10/26/20,United States,522.0
10/27/20,77161.0,10/27/20,United States,1011.0
10/28/20,79268.0,10/28/20,United States,1034.0
10/29/20,91217.0,10/29/20,United States,1003.0
10/30/20,100090.0,10/30/20,United States,1064.0
10/31/20,90735.0,10/31/20,United States,931.0
11/1/20,105645.0,11/1/20,United States,503.0
11/2/20,83334.0,11/2/20,United States,557.0
11/3/20,127834.0,11/3/20,United States,1597.0
11/4/20,104177.0,11/4/20,United States,1120.0
11/5/20,130017.0,11/5/20,United States,1165.0
11/6/20,127812.0,11/6/20,United States,1214.0
11/7/20,132126.0,11/7/20,United States,1117.0
11/8/20,115356.0,11/8/20,United States,563.0
11/9/20,118048.0,11/9/20,United States,759.0
11/10/20,140270.0,11/10/20,United States,1416.0
11/11/20,149487.0,11/11/20,United States,1443.0
11/12/20,161766.0,11/12/20,United States,1204.0
11/13/20,181126.0,11/13/20,United States,1200.0
11/14/20,172285.0,11/14/20,United States,1373.0
11/15/20,137912.0,11/15/20,United States,788.0
11/16/20,159179.0,11/16/20,United States,814.0
11/17/20,164164.0,11/17/20,United States,1709.0
11/18/20,173413.0,11/18/20,United States,1942.0
11/19/20,191900.0,11/19/20,United States,2042.0
11/20/20,201436.0,11/20/20,United States,1949.0
11/21/20,182036.0,11/21/20,United States,1638.0
11/22/20,146652.0,11/22/20,United States,1061.0
11/23/20,171950.0,11/23/20,United States,1073.0
11/24/20,177235.0,11/24/20,United States,2136.0
11/25/20,184894.0,11/25/20,United States,2253.0
11/26/20,118387.0,11/26/20,United States,1403.0
11/27/20,203024.0,11/27/20,United States,1552.0
11/28/20,158757.0,11/28/20,United States,1358.0
11/29/20,140844.0,11/29/20,United States,1051.0
11/30/20,155683.0,11/30/20,United States,1312.0
12/1/20,194037.0,12/1/20,United States,2552.0
12/2/20,204500.0,12/2/20,United States,2830.0
12/3/20,224160.0,12/3/20,United States,2969.0
12/4/20,235315.0,12/4/20,United States,2612.0
12/5/20,221910.0,12/5/20,United States,2390.0
12/6/20,179218.0,12/6/20,United States,1403.0
12/7/20,190150.0,12/7/20,United States,1559.0
12/8/20,230949.0,12/8/20,United States,2583.0
12/9/20,221137.0,12/9/20,United States,3181.0
12/10/20,234676.0,12/10/20,United States,2986.0
12/11/20,240257.0,12/11/20,United States,3381.0
12/12/20,222166.0,12/12/20,United States,2533.0
12/13/20,186705.0,12/13/20,United States,1659.0
12/14/20,200631.0,12/14/20,United States,1649.0
12/15/20,222052.0,12/15/20,United States,2987.0
12/16/20,240691.0,12/16/20,United States,3733.0
12/17/20,237229.0,12/17/20,United States,3450.0
12/18/20,248961.0,12/18/20,United States,2942.0
12/19/20,202571.0,12/19/20,United States,2754.0
12/20/20,185349.0,12/20/20,United States,1769.0
12/21/20,189717.0,12/21/20,United States,1797.0
12/22/20,201973.0,12/22/20,United States,3298.0
12/23/20,225783.0,12/23/20,United States,3379.0
12/24/20,204888.0,12/24/20,United States,2922.0
12/25/20,108685.0,12/25/20,United States,1505.0
12/26/20,218995.0,12/26/20,United States,1913.0
12/27/20,154995.0,12/27/20,United States,1438.0
12/28/20,166685.0,12/28/20,United States,1877.0
12/29/20,201696.0,12/29/20,United States,3616.0
12/30/20,222927.0,12/30/20,United States,3933.0
12/31/20,258109.0,12/31/20,United States,3327.0
1/1/21,166255.0,1/1/21,United States,2194.0
1/2/21,295882.0,1/2/21,United States,2599.0
1/3/21,203652.0,1/3/21,United States,1437.0
1/4/21,181660.0,1/4/21,United States,1980.0
1/5/21,231261.0,1/5/21,United States,3604.0
1/6/21,256866.0,1/6/21,United States,3924.0
1/7/21,288641.0,1/7/21,United States,4028.0
1/8/21,303492.0,1/8/21,United States,4189.0
1/9/21,259543.0,1/9/21,United States,3256.0
1/10/21,213378.0,1/10/21,United States,2104.0
1/11/21,210848.0,1/11/21,United States,1836.0
1/12/21,218908.0,1/12/21,United States,4389.0
1/13/21,229845.0,1/13/21,United States,4018.0
1/14/21,238038.0,1/14/21,United States,3792.0
1/15/21,247026.0,1/15/21,United States,3812.0
1/16/21,208632.0,1/16/21,United States,3577.0
1/17/21,176588.0,1/17/21,United States,1991.0
1/18/21,141071.0,1/18/21,United States,1565.0
1/19/21,164286.0,1/19/21,United States,2401.0
1/20/21,185392.0,1/20/21,United States,4442.0
1/21/21,192327.0,1/21/21,United States,4137.0
1/22/21,189528.0,1/22/21,United States,3777.0
1/23/21,174864.0,1/23/21,United States,3556.0
1/24/21,137833.0,1/24/21,United States,1858.0
1/25/21,142118.0,1/25/21,United States,1770.0
1/26/21,144784.0,1/26/21,United States,3982.0
1/27/21,155137.0,1/27/21,United States,4128.0
1/28/21,167434.0,1/28/21,United States,3850.0
1/29/21,165847.0,1/29/21,United States,3599.0
1/30/21,145685.0,1/30/21,United States,2901.0
1/31/21,115429.0,1/31/21,United States,1957.0
2/1/21,129368.0,2/1/21,United States,1777.0
2/2/21,113873.0,2/2/21,United States,3533.0
2/3/21,123113.0,2/3/21,United States,3917.0
2/4/21,123928.0,2/4/21,United States,3884.0
2/5/21,131662.0,2/5/21,United States,3674.0
2/6/21,110954.0,2/6/21,United States,2737.0
2/7/21,91883.0,2/7/21,United States,1477.0
2/8/21,85009.0,2/8/21,United States,1451.0
2/9/21,94595.0,2/9/21,United States,3065.0
2/10/21,95832.0,2/10/21,United States,3407.0
2/11/21,106303.0,2/11/21,United States,3191.0
2/12/21,100031.0,2/12/21,United States,2884.0
2/13/21,88854.0,2/13/21,United States,2296.0
2/14/21,66349.0,2/14/21,United States,1198.0
2/15/21,54643.0,2/15/21,United States,949.0
2/16/21,58603.0,2/16/21,United States,1644.0
2/17/21,70069.0,2/17/21,United States,2446.0
2/18/21,71356.0,2/18/21,United States,2607.0
2/19/21,78186.0,2/19/21,United States,2535.0
2/20/21,73407.0,2/20/21,United States,1933.0
2/21/21,57896.0,2/21/21,United States,1227.0
2/22/21,54838.0,2/22/21,United States,1201.0
2/23/21,72016.0,2/23/21,United States,2276.0
2/24/21,75012.0,2/24/21,United States,3264.0
2/25/21,78057.0,2/25/21,United States,2430.0
2/26/21,78735.0,2/26/21,United States,2155.0
2/27/21,66066.0,2/27/21,United States,1521.0
2/28/21,51867.0,2/28/21,United States,1107.0
3/1/21,54489.0,3/1/21,United States,1319.0
3/2/21,57067.0,3/2/21,United States,1933.0
3/3/21,67149.0,3/3/21,United States,2581.0
3/4/21,68532.0,3/4/21,United States,1952.0
3/5/21,66865.0,3/5/21,United States,1723.0
3/6/21,59295.0,3/6/21,United States,1531.0
3/7/21,42066.0,3/7/21,United States,711.0
3/8/21,44312.0,3/8/21,United States,705.0
3/9/21,55806.0,3/9/21,United States,1784.0
3/10/21,58231.0,3/10/21,United States,1572.0
3/11/21,62891.0,3/11/21,United States,1574.0
3/12/21,62073.0,3/12/21,United States,1431.0
3/13/21,53592.0,3/13/21,United States,997.0
3/14/21,38852.0,3/14/21,United States,532.0
3/15/21,54768.0,3/15/21,United States,700.0
3/16/21,54381.0,3/16/21,United States,1261.0
3/17/21,59487.0,3/17/21,United States,1217.0
3/18/21,60525.0,3/18/21,United States,1648.0
3/19/21,62065.0,3/19/21,United States,1046.0
3/20/21,57022.0,3/20/21,United States,773.0
3/21/21,34978.0,3/21/21,United States,790.0
3/22/21,49481.0,3/22/21,United States,533.0
3/23/21,53299.0,3/23/21,United States,945.0
3/24/21,87121.0,3/24/21,United States,1535.0
3/25/21,67976.0,3/25/21,United States,1358.0
3/26/21,77545.0,3/26/21,United States,1168.0
3/27/21,62223.0,3/27/21,United States,814.0
3/28/21,46354.0,3/28/21,United States,450.0
3/29/21,67298.0,3/29/21,United States,654.0
3/30/21,61437.0,3/30/21,United States,925.0
3/31/21,66972.0,3/31/21,United States,1101.0
4/1/21,79189.0,4/1/21,United States,1123.0
4/2/21,71849.0,4/2/21,United States,901.0
4/3/21,64247.0,4/3/21,United States,771.0
4/4/21,36354.0,4/4/21,United States,289.0
4/5/21,73448.0,4/5/21,United States,471.0
4/6/21,61144.0,4/6/21,United States,864.0
4/7/21,74990.0,4/7/21,United States,2594.0
4/8/21,80253.0,4/8/21,United States,1043.0
4/9/21,84337.0,4/9/21,United States,910.0
4/10/21,69294.0,4/10/21,United States,724.0
4/11/21,46443.0,4/11/21,United States,285.0
4/12/21,66959.0,4/12/21,United States,452.0
4/13/21,79144.0,4/13/21,United States,877.0
4/14/21,75316.0,4/14/21,United States,936.0
4/15/21,73910.0,4/15/21,United States,905.0
4/16/21,80378.0,4/16/21,United States,861.0
4/17/21,54162.0,4/17/21,United States,708.0
4/18/21,42884.0,4/18/21,United States,329.0
4/19/21,66173.0,4/19/21,United States,504.0
4/20/21,60920.0,4/20/21,United States,847.0
4/21/21,63824.0,4/21/21,United States,889.0
4/22/21,66990.0,4/22/21,United States,945.0
4/23/21,62379.0,4/23/21,United States,762.0
4/24/21,54193.0,4/24/21,United States,764.0
4/25/21,33974.0,4/25/21,United States,294.0
4/26/21,45660.0,4/26/21,United States,473.0
4/27/21,50734.0,4/27/21,United States,676.0
4/28/21,55094.0,4/28/21,United States,994.0
4/29/21,58914.0,4/29/21,United States,893.0
4/30/21,58160.0,4/30/21,United States,808.0
5/1/21,46660.0,5/1/21,United States,745.0
5/2/21,30061.0,5/2/21,United States,321.0
5/3/21,48770.0,5/3/21,United States,473.0
5/4/21,40800.0,5/4/21,United States,912.0
5/5/21,45702.0,5/5/21,United States,813.0
5/6/21,46955.0,5/6/21,United States,827.0
5/7/21,48107.0,5/7/21,United States,824.0
5/8/21,34519.0,5/8/21,United States,635.0
5/9/21,22100.0,5/9/21,United States,239.0
5/10/21,35152.0,5/10/21,United States,399.0
5/11/21,34063.0,5/11/21,United States,700.0
5/12/21,36193.0,5/12/21,United States,798.0
5/13/21,38529.0,5/13/21,United States,790.0
5/14/21,41864.0,5/14/21,United States,632.0
5/15/21,29609.0,5/15/21,United States,529.0
5/16/21,17442.0,5/16/21,United States,264.0
5/17/21,27769.0,5/17/21,United States,394.0
5/18/21,27797.0,5/18/21,United States,780.0
5/19/21,29507.0,5/19/21,United States,684.0
5/20/21,29844.0,5/20/21,United States,684.0
5/21/21,28551.0,5/21/21,United States,635.0
5/22/21,20574.0,5/22/21,United States,484.0
5/23/21,13472.0,5/23/21,United States,190.0
5/24/21,24443.0,5/24/21,United States,438.0
5/25/21,23090.0,5/25/21,United States,647.0
5/26/21,24533.0,5/26/21,United States,977.0
5/27/21,27149.0,5/27/21,United States,1355.0
5/28/21,21923.0,5/28/21,United States,540.0
5/29/21,12618.0,5/29/21,United States,350.0
5/30/21,6972.0,5/30/21,United States,129.0
5/31/21,6015.0,5/31/21,United States,158.0
6/1/21,21796.0,6/1/21,United States,663.0
6/2/21,17196.0,6/2/21,United States,564.0
6/3/21,19105.0,6/3/21,United States,639.0
6/4/21,17134.0,6/4/21,United States,527.0
6/5/21,14606.0,6/5/21,United States,581.0
6/6/21,5751.0,6/6/21,United States,157.0
6/7/21,14901.0,6/7/21,United States,313.0
6/8/21,13082.0,6/8/21,United States,331.0
6/9/21,18989.0,6/9/21,United States,480.0
6/10/21,14364.0,6/10/21,United States,418.0
6/11/21,24835.0,6/11/21,United States,539.0
6/12/21,8764.0,6/12/21,United States,276.0
6/13/21,5264.0,6/13/21,United States,104.0
6/14/21,12144.0,6/14/21,United States,180.0
6/15/21,10898.0,6/15/21,United States,334.0
6/16/21,12575.0,6/16/21,United States,383.0
6/17/21,10623.0,6/17/21,United States,317.0
6/18/21,21365.0,6/18/21,United States,614.0
6/19/21,8508.0,6/19/21,United States,175.0
6/20/21,4502.0,6/20/21,United States,70.0
6/21/21,11591.0,6/21/21,United States,265.0
6/22/21,10865.0,6/22/21,United States,351.0
6/23/21,13157.0,6/23/21,United States,399.0
6/24/21,13662.0,6/24/21,United States,340.0
6/25/21,24334.0,6/25/21,United States,523.0
6/26/21,8713.0,6/26/21,United States,157.0
6/27/21,4312.0,6/27/21,United States,70.0
6/28/21,14536.0,6/28/21,United States,152.0
6/29/21,6783.0,6/29/21,United States,337.0
6/30/21,16323.0,6/30/21,United States,295.0
7/1/21,14378.0,7/1/21,United States,286.0
7/2/21,29379.0,7/2/21,United States,435.0
7/3/21,4713.0,7/3/21,United States,82.0
7/4/21,3824.0,7/4/21,United States,38.0
7/5/21,8835.0,7/5/21,United States,122.0
7/6/21,23411.0,7/6/21,United States,313.0
7/7/21,22634.0,7/7/21,United States,321.0
7/8/21,19029.0,7/8/21,United States,248.0
7/9/21,47489.0,7/9/21,United States,462.0
7/10/21,8420.0,7/10/21,United States,83.0
7/11/21,11153.0,7/11/21,United States,109.0
7/12/21,33615.0,7/12/21,United States,239.0
7/13/21,26392.0,7/13/21,United States,359.0
7/14/21,33170.0,7/14/21,United States,332.0
7/15/21,29907.0,7/15/21,United States,326.0
7/16/21,77479.0,7/16/21,United States,358.0
7/17/21,11886.0,7/17/21,United States,67.0
7/18/21,19975.0,7/18/21,United States,173.0
7/19/21,52121.0,7/19/21,United States,200.0
7/20/21,40572.0,7/20/21,United States,292.0
7/21/21,50585.0,7/21/21,United States,352.0
7/22/21,54667.0,7/22/21,United States,294.0
7/23/21,119396.0,7/23/21,United States,560.0
7/24/21,25181.0,7/24/21,United States,119.0
7/25/21,25635.0,7/25/21,United States,85.0
7/26/21,86523.0,7/26/21,United States,265.0
7/27/21,68736.0,7/27/21,United States,449.0
7/28/21,69430.0,7/28/21,United States,381.0
7/29/21,79287.0,7/29/21,United States,327.0
7/30/21,188072.0,7/30/21,United States,873.0
7/31/21,32660.0,7/31/21,United States,153.0
8/1/21,42933.0,8/1/21,United States,213.0
8/2/21,120217.0,8/2/21,United States,361.0
8/3/21,103190.0,8/3/21,United States,584.0
8/4/21,96669.0,8/4/21,United States,533.0
8/5/21,110910.0,8/5/21,United States,504.0
8/6/21,255292.0,8/6/21,United States,1154.0
8/7/21,49081.0,8/7/21,United States,248.0
8/8/21,27877.0,8/8/21,United States,114.0
8/9/21,179736.0,8/9/21,United States,506.0
8/10/21,121204.0,8/10/21,United States,865.0
8/11/21,156255.0,8/11/21,United States,779.0
8/12/21,142194.0,8/12/21,United States,1012.0
8/13/21,229844.0,8/13/21,United States,1056.0
8/14/21,49432.0,8/14/21,United States,254.0
8/15/21,42065.0,8/15/21,United States,176.0
8/16/21,219428.0,8/16/21,United States,1053.0
8/17/21,152800.0,8/17/21,United States,1027.0
8/18/21,158599.0,8/18/21,United States,1175.0
8/19/21,157216.0,8/19/21,United States,1781.0
8/20/21,245668.0,8/20/21,United States,1479.0
8/21/21,66509.0,8/21/21,United States,536.0
8/22/21,36367.0,8/22/21,United States,170.0
8/23/21,237381.0,8/23/21,United States,1385.0
8/24/21,157118.0,8/24/21,United States,1422.0
8/25/21,169416.0,8/25/21,United States,1490.0
8/26/21,184438.0,8/26/21,United States,2220.0
8/27/21,243543.0,8/27/21,United States,1722.0
8/28/21,61253.0,8/28/21,United States,620.0
8/29/21,42315.0,8/29/21,United States,270.0
8/30/21,259278.0,8/30/21,United States,1764.0
8/31/21,171270.0,8/31/21,United States,1443.0
9/1/21,202250.0,9/1/21,United States,2034.0
9/2/21,175079.0,9/2/21,United States,2953.0
9/3/21,235593.0,9/3/21,United States,1968.0
9/4/21,69385.0,9/4/21,United States,606.0
9/5/21,43955.0,9/5/21,United States,379.0
9/6/21,78057.0,9/6/21,United States,590.0
9/7/21,265423.0,9/7/21,United States,2134.0
9/8/21,183026.0,9/8/21,United States,2278.0
9/9/21,160129.0,9/9/21,United States,3284.0
9/10/21,228226.0,9/10/21,United States,2430.0
9/11/21,69206.0,9/11/21,United States,774.0
9/12/21,39794.0,9/12/21,United States,313.0
9/13/21,252063.0,9/13/21,United States,2194.0
9/14/21,146194.0,9/14/21,United States,1927.0
9/15/21,170576.0,9/15/21,United States,2766.0
9/16/21,155507.0,9/16/21,United States,3459.0
9/17/21,208870.0,9/17/21,United States,2445.0
9/18/21,60473.0,9/18/21,United States,915.0
9/19/21,39518.0,9/19/21,United States,323.0
9/20/21,194885.0,9/20/21,United States,2356.0
9/21/21,121649.0,9/21/21,United States,2352.0
9/22/21,133122.0,9/22/21,United States,2845.0
9/23/21,126468.0,9/23/21,United States,3267.0
9/24/21,176900.0,9/24/21,United States,2484.0
9/25/21,50865.0,9/25/21,United States,752.0
9/26/21,48068.0,9/26/21,United States,516.0
9/27/21,169373.0,9/27/21,United States,2372.0
9/28/21,111378.0,9/28/21,United States,2558.0
9/29/21,123415.0,9/29/21,United States,2612.0
9/30/21,109948.0,9/30/21,United States,2795.0
10/1/21,152877.0,10/1/21,United States,2135.0
10/2/21,42486.0,10/2/21,United States,735.0
10/3/21,40574.0,10/3/21,United States,477.0
10/4/21,154964.0,10/4/21,United States,2032.0
10/5/21,97376.0,10/5/21,United States,1905.0
10/6/21,110590.0,10/6/21,United States,2628.0
10/7/21,100539.0,10/7/21,United States,2477.0
10/8/21,126472.0,10/8/21,United States,1831.0
10/9/21,30442.0,10/9/21,United States,366.0
10/10/21,36203.0,10/10/21,United States,444.0
10/11/21,104463.0,10/11/21,United States,1176.0
10/12/21,106363.0,10/12/21,United States,2348.0
10/13/21,121573.0,10/13/21,United States,3223.0
10/14/21,86380.0,10/14/21,United States,2136.0
10/15/21,109801.0,10/15/21,United States,1815.0
10/16/21,34615.0,10/16/21,United States,467.0
10/17/21,31111.0,10/17/21,United States,420.0
10/18/21,104766.0,10/18/21,United States,1806.0
10/19/21,80945.0,10/19/21,United States,2123.0
10/20/21,91449.0,10/20/21,United States,3184.0
10/21/21,78902.0,10/21/21,United States,1969.0
10/22/21,95152.0,10/22/21,United States,1878.0
10/23/21,28875.0,10/23/21,United States,496.0
10/24/21,17420.0,10/24/21,United States,202.0
10/25/21,116357.0,10/25/21,United States,1455.0
10/26/21,68725.0,10/26/21,United States,1596.0
10/27/21,100898.0,10/27/21,United States,2055.0
10/28/21,77549.0,10/28/21,United States,1809.0
10/29/21,93596.0,10/29/21,United States,1701.0
10/30/21,31648.0,10/30/21,United States,319.0
10/31/21,30979.0,10/31/21,United States,190.0
11/1/21,115597.0,11/1/21,United States,1246.0
11/2/21,71081.0,11/2/21,United States,1243.0
11/3/21,84547.0,11/3/21,United States,1930.0
11/4/21,81822.0,11/4/21,United States,1155.0
11/5/21,96068.0,11/5/21,United States,2091.0
11/6/21,32852.0,11/6/21,United States,397.0
11/7/21,35257.0,11/7/21,United States,130.0
11/8/21,112322.0,11/8/21,United States,1238.0
11/9/21,80039.0,11/9/21,United States,1436.0
11/10/21,94696.0,11/10/21,United States,1632.0
11/11/21,55314.0,11/11/21,United States,762.0
11/12/21,146251.0,11/12/21,United States,2484.0
11/13/21,40833.0,11/13/21,United States,452.0
11/14/21,30161.0,11/14/21,United States,120.0
11/15/21,138787.0,11/15/21,United States,1271.0
11/16/21,87586.0,11/16/21,United States,1278.0
11/17/21,111404.0,11/17/21,United States,1622.0
11/18/21,109578.0,11/18/21,United States,1262.0
1/22/20,0.0,1/22/20,United Kingdom,0.0
1/23/20,0.0,1/23/20,United Kingdom,0.0
1/24/20,0.0,1/24/20,United Kingdom,0.0
1/25/20,0.0,1/25/20,United Kingdom,0.0
1/26/20,0.0,1/26/20,United Kingdom,0.0
1/27/20,0.0,1/27/20,United Kingdom,0.0
1/28/20,0.0,1/28/20,United Kingdom,0.0
1/29/20,0.0,1/29/20,United Kingdom,0.0
1/30/20,0.0,1/30/20,United Kingdom,0.0
1/31/20,2.0,1/31/20,United Kingdom,0.0
2/1/20,0.0,2/1/20,United Kingdom,0.0
2/2/20,0.0,2/2/20,United Kingdom,0.0
2/3/20,6.0,2/3/20,United Kingdom,0.0
2/4/20,0.0,2/4/20,United Kingdom,0.0
2/5/20,1.0,2/5/20,United Kingdom,0.0
2/6/20,0.0,2/6/20,United Kingdom,0.0
2/7/20,0.0,2/7/20,United Kingdom,0.0
2/8/20,4.0,2/8/20,United Kingdom,0.0
2/9/20,1.0,2/9/20,United Kingdom,0.0
2/10/20,0.0,2/10/20,United Kingdom,0.0
2/11/20,1.0,2/11/20,United Kingdom,0.0
2/12/20,1.0,2/12/20,United Kingdom,0.0
2/13/20,1.0,2/13/20,United Kingdom,0.0
2/14/20,1.0,2/14/20,United Kingdom,0.0
2/15/20,0.0,2/15/20,United Kingdom,0.0
2/16/20,0.0,2/16/20,United Kingdom,0.0
2/17/20,1.0,2/17/20,United Kingdom,0.0
2/18/20,0.0,2/18/20,United Kingdom,0.0
2/19/20,1.0,2/19/20,United Kingdom,0.0
2/20/20,2.0,2/20/20,United Kingdom,0.0
2/21/20,1.0,2/21/20,United Kingdom,0.0
2/22/20,0.0,2/22/20,United Kingdom,0.0
2/23/20,5.0,2/23/20,United Kingdom,0.0
2/24/20,2.0,2/24/20,United Kingdom,0.0
2/25/20,4.0,2/25/20,United Kingdom,0.0
2/26/20,3.0,2/26/20,United Kingdom,0.0
2/27/20,7.0,2/27/20,United Kingdom,0.0
2/28/20,12.0,2/28/20,United Kingdom,0.0
2/29/20,5.0,2/29/20,United Kingdom,0.0
3/1/20,33.0,3/1/20,United Kingdom,0.0
3/2/20,40.0,3/2/20,United Kingdom,0.0
3/3/20,55.0,3/3/20,United Kingdom,0.0
3/4/20,56.0,3/4/20,United Kingdom,0.0
3/5/20,49.0,3/5/20,United Kingdom,0.0
3/6/20,79.0,3/6/20,United Kingdom,1.0
3/7/20,55.0,3/7/20,United Kingdom,1.0
3/8/20,54.0,3/8/20,United Kingdom,0.0
3/9/20,147.0,3/9/20,United Kingdom,1.0
3/10/20,258.0,3/10/20,United Kingdom,4.0
3/11/20,411.0,3/11/20,United Kingdom,0.0
3/12/20,489.0,3/12/20,United Kingdom,2.0
3/13/20,479.0,3/13/20,United Kingdom,1.0
3/14/20,364.0,3/14/20,United Kingdom,19.0
3/15/20,442.0,3/15/20,United Kingdom,14.0
3/16/20,612.0,3/16/20,United Kingdom,22.0
3/17/20,768.0,3/17/20,United Kingdom,17.0
3/18/20,999.0,3/18/20,United Kingdom,34.0
3/19/20,1055.0,3/19/20,United Kingdom,46.0
3/20/20,1254.0,3/20/20,United Kingdom,32.0
3/21/20,1197.0,3/21/20,United Kingdom,58.0
3/22/20,1376.0,3/22/20,United Kingdom,36.0
3/23/20,2335.0,3/23/20,United Kingdom,76.0
3/24/20,2371.0,3/24/20,United Kingdom,148.0
3/25/20,2693.0,3/25/20,United Kingdom,191.0
3/26/20,3084.0,3/26/20,United Kingdom,181.0
3/27/20,3201.0,3/27/20,United Kingdom,288.0
3/28/20,2822.0,3/28/20,United Kingdom,292.0
3/29/20,2857.0,3/29/20,United Kingdom,212.0
3/30/20,4273.0,3/30/20,United Kingdom,374.0
3/31/20,4515.0,3/31/20,United Kingdom,403.0
4/1/20,4914.0,4/1/20,United Kingdom,672.0
4/2/20,4865.0,4/2/20,United Kingdom,657.0
4/3/20,4915.0,4/3/20,United Kingdom,736.0
4/4/20,4020.0,4/4/20,United Kingdom,756.0
4/5/20,3594.0,4/5/20,United Kingdom,599.0
4/6/20,5275.0,4/6/20,United Kingdom,567.0
4/7/20,5450.0,4/7/20,United Kingdom,1105.0
4/8/20,5129.0,4/8/20,United Kingdom,1030.0
4/9/20,4852.0,4/9/20,United Kingdom,1116.0
4/10/20,4315.0,4/10/20,United Kingdom,1122.0
4/11/20,3577.0,4/11/20,United Kingdom,843.0
4/12/20,3495.0,4/12/20,United Kingdom,657.0
4/13/20,4183.0,4/13/20,United Kingdom,724.0
4/14/20,4325.0,4/14/20,United Kingdom,1076.0
4/15/20,5065.0,4/15/20,United Kingdom,880.0
4/16/20,5298.0,4/16/20,United Kingdom,1036.0
4/17/20,4965.0,4/17/20,United Kingdom,913.0
4/18/20,4716.0,4/18/20,United Kingdom,1105.0
4/19/20,3852.0,4/19/20,United Kingdom,432.0
4/20/20,4858.0,4/20/20,United Kingdom,570.0
4/21/20,4760.0,4/21/20,United Kingdom,1224.0
4/22/20,5490.0,4/22/20,United Kingdom,847.0
4/23/20,5143.0,4/23/20,United Kingdom,682.0
4/24/20,4973.0,4/24/20,United Kingdom,1010.0
4/25/20,3748.0,4/25/20,United Kingdom,815.0
4/26/20,3468.0,4/26/20,United Kingdom,364.0
4/27/20,4702.0,4/27/20,United Kingdom,320.0
4/28/20,4721.0,4/28/20,United Kingdom,969.0
4/29/20,5435.0,4/29/20,United Kingdom,769.0
4/30/20,4956.0,4/30/20,United Kingdom,634.0
5/1/20,4727.0,5/1/20,United Kingdom,698.0
5/2/20,3221.0,5/2/20,United Kingdom,584.0
5/3/20,2974.0,5/3/20,United Kingdom,253.0
5/4/20,3378.0,5/4/20,United Kingdom,272.0
5/5/20,3684.0,5/5/20,United Kingdom,726.0
5/6/20,3831.0,5/6/20,United Kingdom,647.0
5/7/20,3767.0,5/7/20,United Kingdom,458.0
5/8/20,3049.0,5/8/20,United Kingdom,579.0
5/9/20,2150.0,5/9/20,United Kingdom,275.0
5/10/20,2321.0,5/10/20,United Kingdom,217.0
5/11/20,3583.0,5/11/20,United Kingdom,187.0
5/12/20,3389.0,5/12/20,United Kingdom,614.0
5/13/20,3298.0,5/13/20,United Kingdom,447.0
5/14/20,2609.0,5/14/20,United Kingdom,352.0
5/15/20,2517.0,5/15/20,United Kingdom,350.0
5/16/20,2065.0,5/16/20,United Kingdom,411.0
5/17/20,1826.0,5/17/20,United Kingdom,67.0
5/18/20,2574.0,5/18/20,United Kingdom,146.0
5/19/20,3041.0,5/19/20,United Kingdom,500.0
5/20/20,2706.0,5/20/20,United Kingdom,328.0
5/21/20,2542.0,5/21/20,United Kingdom,273.0
5/22/20,2030.0,5/22/20,United Kingdom,291.0
5/23/20,1507.0,5/23/20,United Kingdom,220.0
5/24/20,1348.0,5/24/20,United Kingdom,379.0
5/25/20,1607.0,5/25/20,United Kingdom,104.0
5/26/20,1650.0,5/26/20,United Kingdom,131.0
5/27/20,1802.0,5/27/20,United Kingdom,422.0
5/28/20,1734.0,5/28/20,United Kingdom,343.0
5/29/20,1504.0,5/29/20,United Kingdom,274.0
5/30/20,1099.0,5/30/20,United Kingdom,154.0
5/31/20,1069.0,5/31/20,United Kingdom,60.0
6/1/20,1434.0,6/1/20,United Kingdom,86.0
6/2/20,1467.0,6/2/20,United Kingdom,249.0
6/3/20,1342.0,6/3/20,United Kingdom,254.0
6/4/20,1234.0,6/4/20,United Kingdom,130.0
6/5/20,1105.0,6/5/20,United Kingdom,258.0
6/6/20,791.0,6/6/20,United Kingdom,143.0
6/7/20,717.0,6/7/20,United Kingdom,54.0
6/8/20,1086.0,6/8/20,United Kingdom,47.0
6/9/20,1153.0,6/9/20,United Kingdom,195.0
6/10/20,1182.0,6/10/20,United Kingdom,164.0
6/11/20,1001.0,6/11/20,United Kingdom,76.0
6/12/20,1053.0,6/12/20,United Kingdom,131.0
6/13/20,887.0,6/13/20,United Kingdom,107.0
6/14/20,807.0,6/14/20,United Kingdom,27.0
6/15/20,1026.0,6/15/20,United Kingdom,29.0
6/16/20,1077.0,6/16/20,United Kingdom,120.0
6/17/20,997.0,6/17/20,United Kingdom,110.0
6/18/20,1020.0,6/18/20,United Kingdom,67.0
6/19/20,980.0,6/19/20,United Kingdom,84.0
6/20/20,666.0,6/20/20,United Kingdom,71.0
6/21/20,622.0,6/21/20,United Kingdom,31.0
6/22/20,892.0,6/22/20,United Kingdom,14.0
6/23/20,882.0,6/23/20,United Kingdom,94.0
6/24/20,774.0,6/24/20,United Kingdom,87.0
6/25/20,697.0,6/25/20,United Kingdom,99.0
6/26/20,638.0,6/26/20,United Kingdom,77.0
6/27/20,633.0,6/27/20,United Kingdom,40.0
6/28/20,395.0,6/28/20,United Kingdom,31.0
6/29/20,604.0,6/29/20,United Kingdom,21.0
6/30/20,403.0,6/30/20,United Kingdom,53.0
7/1/20,60.0,7/1/20,United Kingdom,97.0
7/2/20,4.0,7/2/20,United Kingdom,41.0
7/3/20,502.0,7/3/20,United Kingdom,49.0
7/4/20,624.0,7/4/20,United Kingdom,32.0
7/5/20,516.0,7/5/20,United Kingdom,19.0
7/6/20,352.0,7/6/20,United Kingdom,11.0
7/7/20,581.0,7/7/20,United Kingdom,54.0
7/8/20,630.0,7/8/20,United Kingdom,57.0
7/9/20,642.0,7/9/20,United Kingdom,31.0
7/10/20,512.0,7/10/20,United Kingdom,34.0
7/11/20,820.0,7/11/20,United Kingdom,17.0
7/12/20,650.0,7/12/20,United Kingdom,9.0
7/13/20,530.0,7/13/20,United Kingdom,10.0
7/14/20,1240.0,7/14/20,United Kingdom,44.0
7/15/20,538.0,7/15/20,United Kingdom,26.0
7/16/20,641.0,7/16/20,United Kingdom,24.0
7/17/20,687.0,7/17/20,United Kingdom,26.0
7/18/20,827.0,7/18/20,United Kingdom,9.0
7/19/20,726.0,7/19/20,United Kingdom,11.0
7/20/20,580.0,7/20/20,United Kingdom,10.0
7/21/20,445.0,7/21/20,United Kingdom,25.0
7/22/20,560.0,7/22/20,United Kingdom,17.0
7/23/20,769.0,7/23/20,United Kingdom,9.0
7/24/20,768.0,7/24/20,United Kingdom,32.0
7/25/20,767.0,7/25/20,United Kingdom,15.0
7/26/20,745.0,7/26/20,United Kingdom,8.0
7/27/20,685.0,7/27/20,United Kingdom,3.0
7/28/20,547.0,7/28/20,United Kingdom,21.0
7/29/20,797.0,7/29/20,United Kingdom,34.0
7/30/20,846.0,7/30/20,United Kingdom,0.0
7/31/20,880.0,7/31/20,United Kingdom,20.0
8/1/20,761.0,8/1/20,United Kingdom,13.0
8/2/20,743.0,8/2/20,United Kingdom,5.0
8/3/20,938.0,8/3/20,United Kingdom,1.0
8/4/20,670.0,8/4/20,United Kingdom,18.0
8/5/20,891.0,8/5/20,United Kingdom,14.0
8/6/20,950.0,8/6/20,United Kingdom,18.0
8/7/20,871.0,8/7/20,United Kingdom,12.0
8/8/20,758.0,8/8/20,United Kingdom,3.0
8/9/20,1062.0,8/9/20,United Kingdom,5.0
8/10/20,816.0,8/10/20,United Kingdom,18.0
8/11/20,1148.0,8/11/20,United Kingdom,13.0
8/12/20,1009.0,8/12/20,United Kingdom,20.0
8/13/20,1129.0,8/13/20,United Kingdom,18.0
8/14/20,1440.0,8/14/20,United Kingdom,11.0
8/15/20,1012.0,8/15/20,United Kingdom,3.0
8/16/20,1105.0,8/16/20,United Kingdom,5.0
8/17/20,713.0,8/17/20,United Kingdom,3.0
8/18/20,1089.0,8/18/20,United Kingdom,12.0
8/19/20,812.0,8/19/20,United Kingdom,16.0
8/20/20,1182.0,8/20/20,United Kingdom,6.0
8/21/20,1033.0,8/21/20,United Kingdom,2.0
8/22/20,1288.0,8/22/20,United Kingdom,18.0
8/23/20,1041.0,8/23/20,United Kingdom,6.0
8/24/20,972.0,8/24/20,United Kingdom,4.0
8/25/20,1184.0,8/25/20,United Kingdom,16.0
8/26/20,1048.0,8/26/20,United Kingdom,16.0
8/27/20,1522.0,8/27/20,United Kingdom,12.0
8/28/20,1276.0,8/28/20,United Kingdom,9.0
8/29/20,1108.0,8/29/20,United Kingdom,12.0
8/30/20,1715.0,8/30/20,United Kingdom,1.0
8/31/20,1406.0,8/31/20,United Kingdom,2.0
9/1/20,1295.0,9/1/20,United Kingdom,3.0
9/2/20,1508.0,9/2/20,United Kingdom,10.0
9/3/20,1735.0,9/3/20,United Kingdom,13.0
9/4/20,1940.0,9/4/20,United Kingdom,10.0
9/5/20,1813.0,9/5/20,United Kingdom,12.0
9/6/20,2988.0,9/6/20,United Kingdom,2.0
9/7/20,2948.0,9/7/20,United Kingdom,3.0
9/8/20,2460.0,9/8/20,United Kingdom,32.0
9/9/20,2659.0,9/9/20,United Kingdom,8.0
9/10/20,2919.0,9/10/20,United Kingdom,14.0
9/11/20,3539.0,9/11/20,United Kingdom,6.0
9/12/20,3497.0,9/12/20,United Kingdom,9.0
9/13/20,3330.0,9/13/20,United Kingdom,5.0
9/14/20,2621.0,9/14/20,United Kingdom,9.0
9/15/20,3103.0,9/15/20,United Kingdom,27.0
9/16/20,3991.0,9/16/20,United Kingdom,20.0
9/17/20,3395.0,9/17/20,United Kingdom,21.0
9/18/20,4322.0,9/18/20,United Kingdom,27.0
9/19/20,4422.0,9/19/20,United Kingdom,27.0
9/20/20,3899.0,9/20/20,United Kingdom,18.0
9/21/20,4368.0,9/21/20,United Kingdom,11.0
9/22/20,4926.0,9/22/20,United Kingdom,37.0
9/23/20,6178.0,9/23/20,United Kingdom,37.0
9/24/20,6634.0,9/24/20,United Kingdom,40.0
9/25/20,6873.0,9/25/20,United Kingdom,34.0
9/26/20,6041.0,9/26/20,United Kingdom,35.0
9/27/20,5692.0,9/27/20,United Kingdom,17.0
9/28/20,4044.0,9/28/20,United Kingdom,13.0
9/29/20,7143.0,9/29/20,United Kingdom,71.0
9/30/20,7108.0,9/30/20,United Kingdom,71.0
10/1/20,6914.0,10/1/20,United Kingdom,59.0
10/2/20,6968.0,10/2/20,United Kingdom,66.0
10/3/20,12871.0,10/3/20,United Kingdom,49.0
10/4/20,22961.0,10/4/20,United Kingdom,33.0
10/5/20,12593.0,10/5/20,United Kingdom,19.0
10/6/20,14542.0,10/6/20,United Kingdom,76.0
10/7/20,14162.0,10/7/20,United Kingdom,70.0
10/8/20,17540.0,10/8/20,United Kingdom,77.0
10/9/20,13864.0,10/9/20,United Kingdom,87.0
10/10/20,15165.0,10/10/20,United Kingdom,81.0
10/11/20,12872.0,10/11/20,United Kingdom,65.0
10/12/20,13972.0,10/12/20,United Kingdom,50.0
10/13/20,17232.0,10/13/20,United Kingdom,143.0
10/14/20,19724.0,10/14/20,United Kingdom,137.0
10/15/20,18978.0,10/15/20,United Kingdom,138.0
10/16/20,15635.0,10/16/20,United Kingdom,136.0
10/17/20,16171.0,10/17/20,United Kingdom,150.0
10/18/20,16981.0,10/18/20,United Kingdom,67.0
10/19/20,18803.0,10/19/20,United Kingdom,80.0
10/20/20,21330.0,10/20/20,United Kingdom,241.0
10/21/20,26687.0,10/21/20,United Kingdom,191.0
10/22/20,21238.0,10/22/20,United Kingdom,189.0
10/23/20,20531.0,10/23/20,United Kingdom,224.0
10/24/20,23012.0,10/24/20,United Kingdom,174.0
10/25/20,19790.0,10/25/20,United Kingdom,151.0
10/26/20,20890.0,10/26/20,United Kingdom,102.0
10/27/20,22885.0,10/27/20,United Kingdom,367.0
10/28/20,24700.0,10/28/20,United Kingdom,310.0
10/29/20,23065.0,10/29/20,United Kingdom,280.0
10/30/20,24405.0,10/30/20,United Kingdom,274.0
10/31/20,21915.0,10/31/20,United Kingdom,326.0
11/1/20,23254.0,11/1/20,United Kingdom,162.0
11/2/20,18950.0,11/2/20,United Kingdom,136.0
11/3/20,20018.0,11/3/20,United Kingdom,397.0
11/4/20,25177.0,11/4/20,United Kingdom,492.0
11/5/20,24138.0,11/5/20,United Kingdom,378.0
11/6/20,23287.0,11/6/20,United Kingdom,355.0
11/7/20,24957.0,11/7/20,United Kingdom,413.0
11/8/20,20572.0,11/8/20,United Kingdom,156.0
11/9/20,21350.0,11/9/20,United Kingdom,194.0
11/10/20,20412.0,11/10/20,United Kingdom,532.0
11/11/20,22950.0,11/11/20,United Kingdom,595.0
11/12/20,33470.0,11/12/20,United Kingdom,563.0
11/13/20,27301.0,11/13/20,United Kingdom,376.0
11/14/20,26860.0,11/14/20,United Kingdom,462.0
11/15/20,24962.0,11/15/20,United Kingdom,168.0
11/16/20,21363.0,11/16/20,United Kingdom,213.0
11/17/20,20051.0,11/17/20,United Kingdom,598.0
11/18/20,19609.0,11/18/20,United Kingdom,529.0
11/19/20,22915.0,11/19/20,United Kingdom,501.0
11/20/20,20252.0,11/20/20,United Kingdom,511.0
11/21/20,19875.0,11/21/20,United Kingdom,340.0
11/22/20,18662.0,11/22/20,United Kingdom,398.0
11/23/20,15450.0,11/23/20,United Kingdom,206.0
11/24/20,11299.0,11/24/20,United Kingdom,608.0
11/25/20,18213.0,11/25/20,United Kingdom,695.0
11/26/20,17555.0,11/26/20,United Kingdom,498.0
11/27/20,14739.0,11/27/20,United Kingdom,520.0
11/28/20,15871.0,11/28/20,United Kingdom,479.0
11/29/20,12155.0,11/29/20,United Kingdom,215.0
11/30/20,12330.0,11/30/20,United Kingdom,203.0
12/1/20,13429.0,12/1/20,United Kingdom,603.0
12/2/20,16170.0,12/2/20,United Kingdom,648.0
12/3/20,14878.0,12/3/20,United Kingdom,414.0
12/4/20,16298.0,12/4/20,United Kingdom,504.0
12/5/20,15539.0,12/5/20,United Kingdom,397.0
12/6/20,17271.0,12/6/20,United Kingdom,231.0
12/7/20,14718.0,12/7/20,United Kingdom,189.0
12/8/20,12281.0,12/8/20,United Kingdom,599.0
12/9/20,16578.0,12/9/20,United Kingdom,533.0
12/10/20,20964.0,12/10/20,United Kingdom,516.0
12/11/20,21672.0,12/11/20,United Kingdom,424.0
12/12/20,21501.0,12/12/20,United Kingdom,520.0
12/13/20,18447.0,12/13/20,United Kingdom,144.0
12/14/20,20263.0,12/14/20,United Kingdom,232.0
12/15/20,18450.0,12/15/20,United Kingdom,506.0
12/16/20,25161.0,12/16/20,United Kingdom,612.0
12/17/20,35383.0,12/17/20,United Kingdom,532.0
12/18/20,28507.0,12/18/20,United Kingdom,489.0
12/19/20,27052.0,12/19/20,United Kingdom,534.0
12/20/20,35928.0,12/20/20,United Kingdom,326.0
12/21/20,33364.0,12/21/20,United Kingdom,215.0
12/22/20,36803.0,12/22/20,United Kingdom,691.0
12/23/20,39237.0,12/23/20,United Kingdom,744.0
12/24/20,39036.0,12/24/20,United Kingdom,574.0
12/25/20,32725.0,12/25/20,United Kingdom,570.0
12/26/20,34693.0,12/26/20,United Kingdom,210.0
12/27/20,32340.0,12/27/20,United Kingdom,347.0
12/28/20,41385.0,12/28/20,United Kingdom,357.0
12/29/20,53135.0,12/29/20,United Kingdom,458.0
12/30/20,50023.0,12/30/20,United Kingdom,981.0
12/31/20,55892.0,12/31/20,United Kingdom,964.0
1/1/21,53285.0,1/1/21,United Kingdom,613.0
1/2/21,57724.0,1/2/21,United Kingdom,445.0
1/3/21,54990.0,1/3/21,United Kingdom,454.0
1/4/21,58784.0,1/4/21,United Kingdom,407.0
1/5/21,60916.0,1/5/21,United Kingdom,874.0
1/6/21,62322.0,1/6/21,United Kingdom,1041.0
1/7/21,52618.0,1/7/21,United Kingdom,1162.0
1/8/21,68053.0,1/8/21,United Kingdom,1325.0
1/9/21,59937.0,1/9/21,United Kingdom,1035.0
1/10/21,54940.0,1/10/21,United Kingdom,563.0
1/11/21,46169.0,1/11/21,United Kingdom,529.0
1/12/21,45533.0,1/12/21,United Kingdom,1243.0
1/13/21,47525.0,1/13/21,United Kingdom,1564.0
1/14/21,48682.0,1/14/21,United Kingdom,1248.0
1/15/21,55761.0,1/15/21,United Kingdom,1280.0
1/16/21,41342.0,1/16/21,United Kingdom,1295.0
1/17/21,38598.0,1/17/21,United Kingdom,671.0
1/18/21,37535.0,1/18/21,United Kingdom,599.0
1/19/21,33355.0,1/19/21,United Kingdom,1610.0
1/20/21,38905.0,1/20/21,United Kingdom,1820.0
1/21/21,37892.0,1/21/21,United Kingdom,1290.0
1/22/21,40261.0,1/22/21,United Kingdom,1401.0
1/23/21,33552.0,1/23/21,United Kingdom,1348.0
1/24/21,30004.0,1/24/21,United Kingdom,610.0
1/25/21,22195.0,1/25/21,United Kingdom,592.0
1/26/21,20088.0,1/26/21,United Kingdom,1631.0
1/27/21,25308.0,1/27/21,United Kingdom,1725.0
1/28/21,28680.0,1/28/21,United Kingdom,1239.0
1/29/21,29079.0,1/29/21,United Kingdom,1245.0
1/30/21,23275.0,1/30/21,United Kingdom,1200.0
1/31/21,21088.0,1/31/21,United Kingdom,587.0
2/1/21,18607.0,2/1/21,United Kingdom,406.0
2/2/21,16840.0,2/2/21,United Kingdom,1449.0
2/3/21,19202.0,2/3/21,United Kingdom,1322.0
2/4/21,20634.0,2/4/21,United Kingdom,915.0
2/5/21,19114.0,2/5/21,United Kingdom,1014.0
2/6/21,18262.0,2/6/21,United Kingdom,828.0
2/7/21,15845.0,2/7/21,United Kingdom,373.0
2/8/21,14104.0,2/8/21,United Kingdom,333.0
2/9/21,12364.0,2/9/21,United Kingdom,1052.0
2/10/21,13013.0,2/10/21,United Kingdom,1001.0
2/11/21,13494.0,2/11/21,United Kingdom,678.0
2/12/21,15144.0,2/12/21,United Kingdom,758.0
2/13/21,13307.0,2/13/21,United Kingdom,621.0
2/14/21,10972.0,2/14/21,United Kingdom,258.0
2/15/21,9765.0,2/15/21,United Kingdom,230.0
2/16/21,10625.0,2/16/21,United Kingdom,799.0
2/17/21,12717.0,2/17/21,United Kingdom,738.0
2/18/21,12057.0,2/18/21,United Kingdom,454.0
2/19/21,12027.0,2/19/21,United Kingdom,533.0
2/20/21,10406.0,2/20/21,United Kingdom,445.0
2/21/21,9834.0,2/21/21,United Kingdom,215.0
2/22/21,10641.0,2/22/21,United Kingdom,177.0
2/23/21,8489.0,2/23/21,United Kingdom,548.0
2/24/21,9938.0,2/24/21,United Kingdom,442.0
2/25/21,9985.0,2/25/21,United Kingdom,323.0
2/26/21,8523.0,2/26/21,United Kingdom,345.0
2/27/21,7434.0,2/27/21,United Kingdom,290.0
2/28/21,6035.0,2/28/21,United Kingdom,144.0
3/1/21,5455.0,3/1/21,United Kingdom,104.0
3/2/21,6391.0,3/2/21,United Kingdom,343.0
3/3/21,6385.0,3/3/21,United Kingdom,487.0
3/4/21,6573.0,3/4/21,United Kingdom,242.0
3/5/21,5946.0,3/5/21,United Kingdom,236.0
3/6/21,6039.0,3/6/21,United Kingdom,158.0
3/7/21,5177.0,3/7/21,United Kingdom,82.0
3/8/21,4712.0,3/8/21,United Kingdom,65.0
3/9/21,5766.0,3/9/21,United Kingdom,231.0
3/10/21,5926.0,3/10/21,United Kingdom,190.0
3/11/21,6753.0,3/11/21,United Kingdom,181.0
3/12/21,6609.0,3/12/21,United Kingdom,175.0
3/13/21,5534.0,3/13/21,United Kingdom,121.0
3/14/21,4618.0,3/14/21,United Kingdom,52.0
3/15/21,5089.0,3/15/21,United Kingdom,64.0
3/16/21,5294.0,3/16/21,United Kingdom,110.0
3/17/21,5758.0,3/17/21,United Kingdom,141.0
3/18/21,6303.0,3/18/21,United Kingdom,95.0
3/19/21,4802.0,3/19/21,United Kingdom,100.0
3/20/21,5587.0,3/20/21,United Kingdom,96.0
3/21/21,5312.0,3/21/21,United Kingdom,33.0
3/22/21,5342.0,3/22/21,United Kingdom,17.0
3/23/21,5379.0,3/23/21,United Kingdom,112.0
3/24/21,5604.0,3/24/21,United Kingdom,98.0
3/25/21,6220.0,3/25/21,United Kingdom,63.0
3/26/21,6187.0,3/26/21,United Kingdom,70.0
3/27/21,3865.0,3/27/21,United Kingdom,58.0
3/28/21,3862.0,3/28/21,United Kingdom,19.0
3/29/21,4654.0,3/29/21,United Kingdom,23.0
3/30/21,4040.0,3/30/21,United Kingdom,55.0
3/31/21,4052.0,3/31/21,United Kingdom,43.0
4/1/21,4478.0,4/1/21,United Kingdom,51.0
4/2/21,3402.0,4/2/21,United Kingdom,52.0
4/3/21,3423.0,4/3/21,United Kingdom,10.0
4/4/21,2297.0,4/4/21,United Kingdom,10.0
4/5/21,2762.0,4/5/21,United Kingdom,26.0
4/6/21,2379.0,4/6/21,United Kingdom,20.0
4/7/21,2762.0,4/7/21,United Kingdom,45.0
4/8/21,3030.0,4/8/21,United Kingdom,53.0
4/9/21,-4860.0,4/9/21,United Kingdom,60.0
4/10/21,2584.0,4/10/21,United Kingdom,40.0
4/11/21,1730.0,4/11/21,United Kingdom,7.0
4/12/21,3568.0,4/12/21,United Kingdom,13.0
4/13/21,2471.0,4/13/21,United Kingdom,23.0
4/14/21,2491.0,4/14/21,United Kingdom,38.0
4/15/21,2671.0,4/15/21,United Kingdom,30.0
4/16/21,2756.0,4/16/21,United Kingdom,34.0
4/17/21,2206.0,4/17/21,United Kingdom,35.0
4/18/21,1882.0,4/18/21,United Kingdom,10.0
4/19/21,2963.0,4/19/21,United Kingdom,4.0
4/20/21,2524.0,4/20/21,United Kingdom,33.0
4/21/21,2396.0,4/21/21,United Kingdom,20.0
4/22/21,2728.0,4/22/21,United Kingdom,18.0
4/23/21,2678.0,4/23/21,United Kingdom,40.0
4/24/21,2061.0,4/24/21,United Kingdom,32.0
4/25/21,1712.0,4/25/21,United Kingdom,11.0
4/26/21,2064.0,4/26/21,United Kingdom,6.0
4/27/21,2685.0,4/27/21,United Kingdom,17.0
4/28/21,2166.0,4/28/21,United Kingdom,29.0
4/29/21,2445.0,4/29/21,United Kingdom,22.0
4/30/21,2381.0,4/30/21,United Kingdom,15.0
5/1/21,1907.0,5/1/21,United Kingdom,7.0
5/2/21,1671.0,5/2/21,United Kingdom,14.0
5/3/21,1649.0,5/3/21,United Kingdom,1.0
5/4/21,1946.0,5/4/21,United Kingdom,4.0
5/5/21,2144.0,5/5/21,United Kingdom,27.0
5/6/21,2613.0,5/6/21,United Kingdom,13.0
5/7/21,2490.0,5/7/21,United Kingdom,15.0
5/8/21,2047.0,5/8/21,United Kingdom,5.0
5/9/21,1770.0,5/9/21,United Kingdom,2.0
5/10/21,2357.0,5/10/21,United Kingdom,4.0
5/11/21,2474.0,5/11/21,United Kingdom,20.0
5/12/21,2284.0,5/12/21,United Kingdom,11.0
5/13/21,2656.0,5/13/21,United Kingdom,11.0
5/14/21,2193.0,5/14/21,United Kingdom,17.0
5/15/21,2027.0,5/15/21,United Kingdom,7.0
5/16/21,1926.0,5/16/21,United Kingdom,4.0
5/17/21,1979.0,5/17/21,United Kingdom,5.0
5/18/21,-2364.0,5/18/21,United Kingdom,7.0
5/19/21,2135.0,5/19/21,United Kingdom,3.0
5/20/21,2694.0,5/20/21,United Kingdom,7.0
5/21/21,2702.0,5/21/21,United Kingdom,9.0
5/22/21,2523.0,5/22/21,United Kingdom,6.0
5/23/21,2092.0,5/23/21,United Kingdom,5.0
5/24/21,2362.0,5/24/21,United Kingdom,3.0
5/25/21,2410.0,5/25/21,United Kingdom,15.0
5/26/21,2987.0,5/26/21,United Kingdom,9.0
5/27/21,3380.0,5/27/21,United Kingdom,10.0
5/28/21,4028.0,5/28/21,United Kingdom,10.0
5/29/21,3240.0,5/29/21,United Kingdom,7.0
5/30/21,3111.0,5/30/21,United Kingdom,6.0
5/31/21,3283.0,5/31/21,United Kingdom,1.0
6/1/21,3099.0,6/1/21,United Kingdom,0.0
6/2/21,4261.0,6/2/21,United Kingdom,12.0
6/3/21,5179.0,6/3/21,United Kingdom,18.0
6/4/21,6140.0,6/4/21,United Kingdom,11.0
6/5/21,5651.0,6/5/21,United Kingdom,13.0
6/6/21,5223.0,6/6/21,United Kingdom,4.0
6/7/21,5584.0,6/7/21,United Kingdom,1.0
6/8/21,5966.0,6/8/21,United Kingdom,13.0
6/9/21,7312.0,6/9/21,United Kingdom,6.0
6/10/21,7232.0,6/10/21,United Kingdom,7.0
6/11/21,7958.0,6/11/21,United Kingdom,17.0
6/12/21,7550.0,6/12/21,United Kingdom,12.0
6/13/21,7319.0,6/13/21,United Kingdom,8.0
6/14/21,7606.0,6/14/21,United Kingdom,3.0
6/15/21,7587.0,6/15/21,United Kingdom,10.0
6/16/21,8808.0,6/16/21,United Kingdom,9.0
6/17/21,10809.0,6/17/21,United Kingdom,19.0
6/18/21,10270.0,6/18/21,United Kingdom,11.0
6/19/21,10075.0,6/19/21,United Kingdom,14.0
6/20/21,9072.0,6/20/21,United Kingdom,6.0
6/21/21,10467.0,6/21/21,United Kingdom,5.0
6/22/21,11481.0,6/22/21,United Kingdom,27.0
6/23/21,15882.0,6/23/21,United Kingdom,19.0
6/24/21,16702.0,6/24/21,United Kingdom,21.0
6/25/21,15296.0,6/25/21,United Kingdom,18.0
6/26/21,17943.0,6/26/21,United Kingdom,23.0
6/27/21,14623.0,6/27/21,United Kingdom,11.0
6/28/21,22644.0,6/28/21,United Kingdom,3.0
6/29/21,20223.0,6/29/21,United Kingdom,23.0
6/30/21,25606.0,6/30/21,United Kingdom,14.0
7/1/21,27556.0,7/1/21,United Kingdom,22.0
7/2/21,26706.0,7/2/21,United Kingdom,27.0
7/3/21,24447.0,7/3/21,United Kingdom,18.0
7/4/21,23818.0,7/4/21,United Kingdom,15.0
7/5/21,27100.0,7/5/21,United Kingdom,9.0
7/6/21,28334.0,7/6/21,United Kingdom,37.0
7/7/21,32048.0,7/7/21,United Kingdom,33.0
7/8/21,31977.0,7/8/21,United Kingdom,35.0
7/9/21,35200.0,7/9/21,United Kingdom,29.0
7/10/21,31800.0,7/10/21,United Kingdom,34.0
7/11/21,31352.0,7/11/21,United Kingdom,26.0
7/12/21,33998.0,7/12/21,United Kingdom,6.0
7/13/21,36216.0,7/13/21,United Kingdom,50.0
7/14/21,41748.0,7/14/21,United Kingdom,49.0
7/15/21,47891.0,7/15/21,United Kingdom,63.0
7/16/21,51273.0,7/16/21,United Kingdom,49.0
7/17/21,53969.0,7/17/21,United Kingdom,41.0
7/18/21,47599.0,7/18/21,United Kingdom,25.0
7/19/21,39538.0,7/19/21,United Kingdom,19.0
7/20/21,46125.0,7/20/21,United Kingdom,96.0
7/21/21,43404.0,7/21/21,United Kingdom,73.0
7/22/21,39315.0,7/22/21,United Kingdom,84.0
7/23/21,35654.0,7/23/21,United Kingdom,64.0
7/24/21,31285.0,7/24/21,United Kingdom,86.0
7/25/21,28652.0,7/25/21,United Kingdom,28.0
7/26/21,24386.0,7/26/21,United Kingdom,14.0
7/27/21,23228.0,7/27/21,United Kingdom,131.0
7/28/21,25402.0,7/28/21,United Kingdom,127.0
7/29/21,30633.0,7/29/21,United Kingdom,85.0
7/30/21,29213.0,7/30/21,United Kingdom,68.0
7/31/21,25754.0,7/31/21,United Kingdom,71.0
8/1/21,24139.0,8/1/21,United Kingdom,65.0
8/2/21,21687.0,8/2/21,United Kingdom,24.0
8/3/21,21466.0,8/3/21,United Kingdom,138.0
8/4/21,28936.0,8/4/21,United Kingdom,119.0
8/5/21,29825.0,8/5/21,United Kingdom,86.0
8/6/21,31442.0,8/6/21,United Kingdom,92.0
8/7/21,28229.0,8/7/21,United Kingdom,103.0
8/8/21,27110.0,8/8/21,United Kingdom,39.0
8/9/21,24881.0,8/9/21,United Kingdom,37.0
8/10/21,23297.0,8/10/21,United Kingdom,146.0
8/11/21,29260.0,8/11/21,United Kingdom,104.0
8/12/21,32706.0,8/12/21,United Kingdom,94.0
8/13/21,32362.0,8/13/21,United Kingdom,100.0
8/14/21,29143.0,8/14/21,United Kingdom,93.0
8/15/21,26426.0,8/15/21,United Kingdom,59.0
8/16/21,28176.0,8/16/21,United Kingdom,26.0
8/17/21,26628.0,8/17/21,United Kingdom,170.0
8/18/21,33646.0,8/18/21,United Kingdom,111.0
8/19/21,36273.0,8/19/21,United Kingdom,113.0
8/20/21,36987.0,8/20/21,United Kingdom,114.0
8/21/21,31783.0,8/21/21,United Kingdom,104.0
8/22/21,31976.0,8/22/21,United Kingdom,49.0
8/23/21,31675.0,8/23/21,United Kingdom,40.0
8/24/21,30619.0,8/24/21,United Kingdom,174.0
8/25/21,35547.0,8/25/21,United Kingdom,149.0
8/26/21,37962.0,8/26/21,United Kingdom,140.0
8/27/21,37690.0,8/27/21,United Kingdom,100.0
8/28/21,32087.0,8/28/21,United Kingdom,133.0
8/29/21,32937.0,8/29/21,United Kingdom,61.0
8/30/21,26227.0,8/30/21,United Kingdom,48.0
8/31/21,31931.0,8/31/21,United Kingdom,50.0
9/1/21,35493.0,9/1/21,United Kingdom,207.0
9/2/21,37830.0,9/2/21,United Kingdom,178.0
9/3/21,42065.0,9/3/21,United Kingdom,121.0
9/4/21,36642.0,9/4/21,United Kingdom,120.0
9/5/21,36515.0,9/5/21,United Kingdom,68.0
9/6/21,40801.0,9/6/21,United Kingdom,45.0
9/7/21,37179.0,9/7/21,United Kingdom,209.0
9/8/21,38486.0,9/8/21,United Kingdom,191.0
9/9/21,37480.0,9/9/21,United Kingdom,167.0
9/10/21,36734.0,9/10/21,United Kingdom,147.0
9/11/21,28856.0,9/11/21,United Kingdom,156.0
9/12/21,28614.0,9/12/21,United Kingdom,56.0
9/13/21,30283.0,9/13/21,United Kingdom,61.0
9/14/21,26251.0,9/14/21,United Kingdom,185.0
9/15/21,29873.0,9/15/21,United Kingdom,201.0
9/16/21,26326.0,9/16/21,United Kingdom,158.0
9/17/21,32292.0,9/17/21,United Kingdom,178.0
9/18/21,29438.0,9/18/21,United Kingdom,164.0
9/19/21,29007.0,9/19/21,United Kingdom,56.0
9/20/21,35702.0,9/20/21,United Kingdom,49.0
9/21/21,31095.0,9/21/21,United Kingdom,203.0
9/22/21,33560.0,9/22/21,United Kingdom,166.0
9/23/21,35764.0,9/23/21,United Kingdom,182.0
9/24/21,35620.0,9/24/21,United Kingdom,180.0
9/25/21,29746.0,9/25/21,United Kingdom,122.0
9/26/21,32997.0,9/26/21,United Kingdom,63.0
9/27/21,37485.0,9/27/21,United Kingdom,40.0
9/28/21,34520.0,9/28/21,United Kingdom,167.0
9/29/21,35059.0,9/29/21,United Kingdom,150.0
9/30/21,35742.0,9/30/21,United Kingdom,137.0
10/1/21,34589.0,10/1/21,United Kingdom,127.0
10/2/21,29389.0,10/2/21,United Kingdom,121.0
10/3/21,29666.0,10/3/21,United Kingdom,43.0
10/4/21,34256.0,10/4/21,United Kingdom,33.0
10/5/21,33049.0,10/5/21,United Kingdom,166.0
10/6/21,38675.0,10/6/21,United Kingdom,143.0
10/7/21,39730.0,10/7/21,United Kingdom,122.0
10/8/21,34910.0,10/8/21,United Kingdom,124.0
10/9/21,39413.0,10/9/21,United Kingdom,156.0
10/10/21,33593.0,10/10/21,United Kingdom,38.0
10/11/21,39463.0,10/11/21,United Kingdom,28.0
10/12/21,37668.0,10/12/21,United Kingdom,181.0
10/13/21,41446.0,10/13/21,United Kingdom,136.0
10/14/21,44556.0,10/14/21,United Kingdom,157.0
10/15/21,44212.0,10/15/21,United Kingdom,142.0
10/16/21,42818.0,10/16/21,United Kingdom,148.0
10/17/21,44696.0,10/17/21,United Kingdom,57.0
10/18/21,48703.0,10/18/21,United Kingdom,45.0
10/19/21,43324.0,10/19/21,United Kingdom,223.0
10/20/21,48545.0,10/20/21,United Kingdom,179.0
10/21/21,51484.0,10/21/21,United Kingdom,115.0
10/22/21,48728.0,10/22/21,United Kingdom,180.0
10/23/21,44985.0,10/23/21,United Kingdom,135.0
10/24/21,38740.0,10/24/21,United Kingdom,72.0
10/25/21,36100.0,10/25/21,United Kingdom,38.0
10/26/21,43453.0,10/26/21,United Kingdom,263.0
10/27/21,43922.0,10/27/21,United Kingdom,207.0
10/28/21,39006.0,10/28/21,United Kingdom,165.0
10/29/21,43081.0,10/29/21,United Kingdom,186.0
10/30/21,40726.0,10/30/21,United Kingdom,166.0
10/31/21,37667.0,10/31/21,United Kingdom,74.0
11/1/21,39682.0,11/1/21,United Kingdom,40.0
11/2/21,33546.0,11/2/21,United Kingdom,292.0
11/3/21,40803.0,11/3/21,United Kingdom,217.0
11/4/21,36559.0,11/4/21,United Kingdom,214.0
11/5/21,33697.0,11/5/21,United Kingdom,193.0
11/6/21,30150.0,11/6/21,United Kingdom,155.0
11/7/21,29843.0,11/7/21,United Kingdom,62.0
11/8/21,31982.0,11/8/21,United Kingdom,57.0
11/9/21,32785.0,11/9/21,United Kingdom,262.0
11/10/21,39325.0,11/10/21,United Kingdom,214.0
11/11/21,42401.0,11/11/21,United Kingdom,195.0
11/12/21,38900.0,11/12/21,United Kingdom,145.0
11/13/21,37669.0,11/13/21,United Kingdom,157.0
11/14/21,36128.0,11/14/21,United Kingdom,63.0
11/15/21,39270.0,11/15/21,United Kingdom,47.0
11/16/21,36821.0,11/16/21,United Kingdom,214.0
11/17/21,37868.0,11/17/21,United Kingdom,201.0
11/18/21,46858.0,11/18/21,United Kingdom,199.0
1/22/20,0.0,1/22/20,India,0.0
1/23/20,0.0,1/23/20,India,0.0
1/24/20,0.0,1/24/20,India,0.0
1/25/20,0.0,1/25/20,India,0.0
1/26/20,0.0,1/26/20,India,0.0
1/27/20,0.0,1/27/20,India,0.0
1/28/20,0.0,1/28/20,India,0.0
1/29/20,0.0,1/29/20,India,0.0
1/30/20,1.0,1/30/20,India,0.0
1/31/20,0.0,1/31/20,India,0.0
2/1/20,0.0,2/1/20,India,0.0
2/2/20,1.0,2/2/20,India,0.0
2/3/20,1.0,2/3/20,India,0.0
2/4/20,0.0,2/4/20,India,0.0
2/5/20,0.0,2/5/20,India,0.0
2/6/20,0.0,2/6/20,India,0.0
2/7/20,0.0,2/7/20,India,0.0
2/8/20,0.0,2/8/20,India,0.0
2/9/20,0.0,2/9/20,India,0.0
2/10/20,0.0,2/10/20,India,0.0
2/11/20,0.0,2/11/20,India,0.0
2/12/20,0.0,2/12/20,India,0.0
2/13/20,0.0,2/13/20,India,0.0
2/14/20,0.0,2/14/20,India,0.0
2/15/20,0.0,2/15/20,India,0.0
2/16/20,0.0,2/16/20,India,0.0
2/17/20,0.0,2/17/20,India,0.0
2/18/20,0.0,2/18/20,India,0.0
2/19/20,0.0,2/19/20,India,0.0
2/20/20,0.0,2/20/20,India,0.0
2/21/20,0.0,2/21/20,India,0.0
2/22/20,0.0,2/22/20,India,0.0
2/23/20,0.0,2/23/20,India,0.0
2/24/20,0.0,2/24/20,India,0.0
2/25/20,0.0,2/25/20,India,0.0
2/26/20,0.0,2/26/20,India,0.0
2/27/20,0.0,2/27/20,India,0.0
2/28/20,0.0,2/28/20,India,0.0
2/29/20,0.0,2/29/20,India,0.0
3/1/20,0.0,3/1/20,India,0.0
3/2/20,2.0,3/2/20,India,0.0
3/3/20,0.0,3/3/20,India,0.0
3/4/20,23.0,3/4/20,India,0.0
3/5/20,2.0,3/5/20,India,0.0
3/6/20,1.0,3/6/20,India,0.0
3/7/20,3.0,3/7/20,India,0.0
3/8/20,5.0,3/8/20,India,0.0
3/9/20,4.0,3/9/20,India,0.0
3/10/20,13.0,3/10/20,India,0.0
3/11/20,6.0,3/11/20,India,1.0
3/12/20,11.0,3/12/20,India,0.0
3/13/20,9.0,3/13/20,India,1.0
3/14/20,20.0,3/14/20,India,0.0
3/15/20,11.0,3/15/20,India,0.0
3/16/20,6.0,3/16/20,India,0.0
3/17/20,23.0,3/17/20,India,1.0
3/18/20,14.0,3/18/20,India,0.0
3/19/20,38.0,3/19/20,India,1.0
3/20/20,50.0,3/20/20,India,1.0
3/21/20,86.0,3/21/20,India,-1.0
3/22/20,66.0,3/22/20,India,3.0
3/23/20,103.0,3/23/20,India,3.0
3/24/20,37.0,3/24/20,India,0.0
3/25/20,121.0,3/25/20,India,2.0
3/26/20,70.0,3/26/20,India,8.0
3/27/20,160.0,3/27/20,India,0.0
3/28/20,100.0,3/28/20,India,4.0
3/29/20,37.0,3/29/20,India,3.0
3/30/20,227.0,3/30/20,India,5.0
3/31/20,146.0,3/31/20,India,3.0
4/1/20,601.0,4/1/20,India,23.0
4/2/20,545.0,4/2/20,India,14.0
4/3/20,24.0,4/3/20,India,0.0
4/4/20,515.0,4/4/20,India,14.0
4/5/20,506.0,4/5/20,India,13.0
4/6/20,1190.0,4/6/20,India,37.0
4/7/20,533.0,4/7/20,India,14.0
4/8/20,605.0,4/8/20,India,28.0
4/9/20,809.0,4/9/20,India,48.0
4/10/20,873.0,4/10/20,India,20.0
4/11/20,848.0,4/11/20,India,42.0
4/12/20,759.0,4/12/20,India,43.0
4/13/20,1248.0,4/13/20,India,27.0
4/14/20,1034.0,4/14/20,India,35.0
4/15/20,835.0,4/15/20,India,12.0
4/16/20,1108.0,4/16/20,India,43.0
4/17/20,922.0,4/17/20,India,38.0
4/18/20,1370.0,4/18/20,India,35.0
4/19/20,1893.0,4/19/20,India,38.0
4/20/20,924.0,4/20/20,India,33.0
4/21/20,1541.0,4/21/20,India,53.0
4/22/20,1290.0,4/22/20,India,36.0
4/23/20,1707.0,4/23/20,India,40.0
4/24/20,1453.0,4/24/20,India,59.0
4/25/20,1753.0,4/25/20,India,45.0
4/26/20,1607.0,4/26/20,India,56.0
4/27/20,1561.0,4/27/20,India,58.0
4/28/20,1873.0,4/28/20,India,69.0
4/29/20,1738.0,4/29/20,India,71.0
4/30/20,1801.0,4/30/20,India,75.0
5/1/20,2394.0,5/1/20,India,69.0
5/2/20,2442.0,5/2/20,India,100.0
5/3/20,2806.0,5/3/20,India,68.0
5/4/20,3932.0,5/4/20,India,175.0
5/5/20,2963.0,5/5/20,India,127.0
5/6/20,3587.0,5/6/20,India,92.0
5/7/20,3364.0,5/7/20,India,104.0
5/8/20,3344.0,5/8/20,India,96.0
5/9/20,3113.0,5/9/20,India,116.0
5/10/20,4353.0,5/10/20,India,111.0
5/11/20,3607.0,5/11/20,India,82.0
5/12/20,3524.0,5/12/20,India,121.0
5/13/20,3763.0,5/13/20,India,136.0
5/14/20,3942.0,5/14/20,India,98.0
5/15/20,3787.0,5/15/20,India,104.0
5/16/20,4864.0,5/16/20,India,118.0
5/17/20,5050.0,5/17/20,India,154.0
5/18/20,4630.0,5/18/20,India,131.0
5/19/20,6147.0,5/19/20,India,146.0
5/20/20,5553.0,5/20/20,India,132.0
5/21/20,6198.0,5/21/20,India,150.0
5/22/20,6568.0,5/22/20,India,142.0
5/23/20,6629.0,5/23/20,India,142.0
5/24/20,7113.0,5/24/20,India,156.0
5/25/20,6414.0,5/25/20,India,148.0
5/26/20,5843.0,5/26/20,India,172.0
5/27/20,7293.0,5/27/20,India,190.0
5/28/20,7300.0,5/28/20,India,177.0
5/29/20,8105.0,5/29/20,India,269.0
5/30/20,8336.0,5/30/20,India,205.0
5/31/20,8782.0,5/31/20,India,223.0
6/1/20,7761.0,6/1/20,India,200.0
6/2/20,8821.0,6/2/20,India,221.0
6/3/20,9633.0,6/3/20,India,259.0
6/4/20,9889.0,6/4/20,India,275.0
6/5/20,9471.0,6/5/20,India,286.0
6/6/20,10438.0,6/6/20,India,297.0
6/7/20,10864.0,6/7/20,India,261.0
6/8/20,8442.0,6/8/20,India,266.0
6/9/20,10218.0,6/9/20,India,277.0
6/10/20,10459.0,6/10/20,India,352.0
6/11/20,10930.0,6/11/20,India,396.0
6/12/20,11458.0,6/12/20,India,386.0
6/13/20,11929.0,6/13/20,India,311.0
6/14/20,11502.0,6/14/20,India,325.0
6/15/20,10667.0,6/15/20,India,380.0
6/16/20,10974.0,6/16/20,India,2003.0
6/17/20,12881.0,6/17/20,India,334.0
6/18/20,13586.0,6/18/20,India,336.0
6/19/20,14516.0,6/19/20,India,375.0
6/20/20,15403.0,6/20/20,India,306.0
6/21/20,14831.0,6/21/20,India,445.0
6/22/20,14933.0,6/22/20,India,312.0
6/23/20,15968.0,6/23/20,India,465.0
6/24/20,16922.0,6/24/20,India,418.0
6/25/20,17296.0,6/25/20,India,407.0
6/26/20,18552.0,6/26/20,India,384.0
6/27/20,19906.0,6/27/20,India,410.0
6/28/20,19459.0,6/28/20,India,380.0
6/29/20,18522.0,6/29/20,India,418.0
6/30/20,18641.0,6/30/20,India,507.0
7/1/20,19160.0,7/1/20,India,434.0
7/2/20,20903.0,7/2/20,India,379.0
7/3/20,22771.0,7/3/20,India,442.0
7/4/20,24850.0,7/4/20,India,613.0
7/5/20,24248.0,7/5/20,India,425.0
7/6/20,22251.0,7/6/20,India,466.0
7/7/20,22753.0,7/7/20,India,483.0
7/8/20,24879.0,7/8/20,India,487.0
7/9/20,26506.0,7/9/20,India,475.0
7/10/20,27114.0,7/10/20,India,519.0
7/11/20,28606.0,7/11/20,India,550.0
7/12/20,28732.0,7/12/20,India,501.0
7/13/20,28498.0,7/13/20,India,553.0
7/14/20,29429.0,7/14/20,India,582.0
7/15/20,32676.0,7/15/20,India,605.0
7/16/20,34975.0,7/16/20,India,688.0
7/17/20,35252.0,7/17/20,India,671.0
7/18/20,38697.0,7/18/20,India,543.0
7/19/20,40425.0,7/19/20,India,681.0
7/20/20,37132.0,7/20/20,India,585.0
7/21/20,37740.0,7/21/20,India,650.0
7/22/20,45720.0,7/22/20,India,1129.0
7/23/20,49310.0,7/23/20,India,740.0
7/24/20,48916.0,7/24/20,India,757.0
7/25/20,48611.0,7/25/20,India,702.0
7/26/20,49981.0,7/26/20,India,711.0
7/27/20,44457.0,7/27/20,India,637.0
7/28/20,51596.0,7/28/20,India,785.0
7/29/20,50294.0,7/29/20,India,762.0
7/30/20,52783.0,7/30/20,India,763.0
7/31/20,61242.0,7/31/20,India,793.0
8/1/20,54735.0,8/1/20,India,853.0
8/2/20,52972.0,8/2/20,India,771.0
8/3/20,52050.0,8/3/20,India,803.0
8/4/20,52509.0,8/4/20,India,857.0
8/5/20,56282.0,8/5/20,India,904.0
8/6/20,62538.0,8/6/20,India,886.0
8/7/20,61537.0,8/7/20,India,933.0
8/8/20,64399.0,8/8/20,India,861.0
8/9/20,62064.0,8/9/20,India,1007.0
8/10/20,53601.0,8/10/20,India,871.0
8/11/20,60963.0,8/11/20,India,834.0
8/12/20,66999.0,8/12/20,India,942.0
8/13/20,64553.0,8/13/20,India,1007.0
8/14/20,64732.0,8/14/20,India,996.0
8/15/20,64030.0,8/15/20,India,944.0
8/16/20,57711.0,8/16/20,India,941.0
8/17/20,55018.0,8/17/20,India,876.0
8/18/20,64572.0,8/18/20,India,1091.0
8/19/20,69672.0,8/19/20,India,978.0
8/20/20,68900.0,8/20/20,India,983.0
8/21/20,69876.0,8/21/20,India,945.0
8/22/20,69239.0,8/22/20,India,912.0
8/23/20,61408.0,8/23/20,India,836.0
8/24/20,60975.0,8/24/20,India,848.0
8/25/20,57224.0,8/25/20,India,967.0
8/26/20,85687.0,8/26/20,India,1115.0
8/27/20,77266.0,8/27/20,India,1057.0
8/28/20,76472.0,8/28/20,India,1021.0
8/29/20,78761.0,8/29/20,India,948.0
8/30/20,78512.0,8/30/20,India,971.0
8/31/20,69921.0,8/31/20,India,819.0
9/1/20,78357.0,9/1/20,India,1045.0
9/2/20,83883.0,9/2/20,India,1043.0
9/3/20,83341.0,9/3/20,India,1096.0
9/4/20,86432.0,9/4/20,India,1089.0
9/5/20,90632.0,9/5/20,India,1065.0
9/6/20,90802.0,9/6/20,India,1016.0
9/7/20,75809.0,9/7/20,India,1133.0
9/8/20,89706.0,9/8/20,India,1115.0
9/9/20,95735.0,9/9/20,India,1172.0
9/10/20,96551.0,9/10/20,India,1209.0
9/11/20,97570.0,9/11/20,India,1201.0
9/12/20,94372.0,9/12/20,India,1114.0
9/13/20,92071.0,9/13/20,India,1136.0
9/14/20,83809.0,9/14/20,India,1054.0
9/15/20,90123.0,9/15/20,India,1290.0
9/16/20,97894.0,9/16/20,India,1132.0
9/17/20,96424.0,9/17/20,India,1174.0
9/18/20,93337.0,9/18/20,India,1247.0
9/19/20,92605.0,9/19/20,India,1133.0
9/20/20,86961.0,9/20/20,India,1130.0
9/21/20,75083.0,9/21/20,India,1053.0
9/22/20,83347.0,9/22/20,India,1085.0
9/23/20,86508.0,9/23/20,India,1129.0
9/24/20,86052.0,9/24/20,India,1141.0
9/25/20,85362.0,9/25/20,India,1089.0
9/26/20,88600.0,9/26/20,India,1124.0
9/27/20,82170.0,9/27/20,India,1039.0
9/28/20,70589.0,9/28/20,India,776.0
9/29/20,80472.0,9/29/20,India,1179.0
9/30/20,86821.0,9/30/20,India,1181.0
10/1/20,81484.0,10/1/20,India,1095.0
10/2/20,79476.0,10/2/20,India,1069.0
10/3/20,75829.0,10/3/20,India,940.0
10/4/20,74442.0,10/4/20,India,903.0
10/5/20,61267.0,10/5/20,India,884.0
10/6/20,72049.0,10/6/20,India,986.0
10/7/20,78524.0,10/7/20,India,971.0
10/8/20,70496.0,10/8/20,India,964.0
10/9/20,73272.0,10/9/20,India,926.0
10/10/20,74383.0,10/10/20,India,918.0
10/11/20,66732.0,10/11/20,India,816.0
10/12/20,55342.0,10/12/20,India,706.0
10/13/20,63509.0,10/13/20,India,730.0
10/14/20,67708.0,10/14/20,India,680.0
10/15/20,63371.0,10/15/20,India,895.0
10/16/20,62212.0,10/16/20,India,837.0
10/17/20,61871.0,10/17/20,India,1033.0
10/18/20,55722.0,10/18/20,India,579.0
10/19/20,46790.0,10/19/20,India,587.0
10/20/20,54044.0,10/20/20,India,717.0
10/21/20,55839.0,10/21/20,India,702.0
10/22/20,54366.0,10/22/20,India,690.0
10/23/20,53370.0,10/23/20,India,650.0
10/24/20,50129.0,10/24/20,India,578.0
10/25/20,45148.0,10/25/20,India,480.0
10/26/20,36470.0,10/26/20,India,488.0
10/27/20,43893.0,10/27/20,India,508.0
10/28/20,49881.0,10/28/20,India,517.0
10/29/20,48648.0,10/29/20,India,563.0
10/30/20,48268.0,10/30/20,India,551.0
10/31/20,46963.0,10/31/20,India,470.0
11/1/20,45231.0,11/1/20,India,496.0
11/2/20,38310.0,11/2/20,India,490.0
11/3/20,46253.0,11/3/20,India,514.0
11/4/20,50210.0,11/4/20,India,704.0
11/5/20,47638.0,11/5/20,India,670.0
11/6/20,50356.0,11/6/20,India,577.0
11/7/20,45674.0,11/7/20,India,559.0
11/8/20,45903.0,11/8/20,India,490.0
11/9/20,38073.0,11/9/20,India,448.0
11/10/20,44281.0,11/10/20,India,512.0
11/11/20,47905.0,11/11/20,India,550.0
11/12/20,44879.0,11/12/20,India,547.0
11/13/20,44684.0,11/13/20,India,520.0
11/14/20,41100.0,11/14/20,India,447.0
11/15/20,30548.0,11/15/20,India,435.0
11/16/20,29163.0,11/16/20,India,449.0
11/17/20,38617.0,11/17/20,India,474.0
11/18/20,45576.0,11/18/20,India,585.0
11/19/20,45882.0,11/19/20,India,584.0
11/20/20,46232.0,11/20/20,India,564.0
11/21/20,45209.0,11/21/20,India,501.0
11/22/20,44059.0,11/22/20,India,511.0
11/23/20,37975.0,11/23/20,India,480.0
11/24/20,44376.0,11/24/20,India,481.0
11/25/20,44489.0,11/25/20,India,524.0
11/26/20,43082.0,11/26/20,India,492.0
11/27/20,41322.0,11/27/20,India,485.0
11/28/20,41810.0,11/28/20,India,496.0
11/29/20,38772.0,11/29/20,India,443.0
11/30/20,31118.0,11/30/20,India,482.0
12/1/20,36604.0,12/1/20,India,501.0
12/2/20,35551.0,12/2/20,India,526.0
12/3/20,36595.0,12/3/20,India,540.0
12/4/20,36652.0,12/4/20,India,512.0
12/5/20,36011.0,12/5/20,India,482.0
12/6/20,32981.0,12/6/20,India,391.0
12/7/20,26567.0,12/7/20,India,385.0
12/8/20,32080.0,12/8/20,India,402.0
12/9/20,31521.0,12/9/20,India,412.0
12/10/20,29373.0,12/10/20,India,413.0
12/11/20,30031.0,12/11/20,India,443.0
12/12/20,30254.0,12/12/20,India,391.0
12/13/20,27071.0,12/13/20,India,336.0
12/14/20,22065.0,12/14/20,India,354.0
12/15/20,26382.0,12/15/20,India,387.0
12/16/20,24010.0,12/16/20,India,355.0
12/17/20,22890.0,12/17/20,India,338.0
12/18/20,25152.0,12/18/20,India,347.0
12/19/20,26624.0,12/19/20,India,341.0
12/20/20,24337.0,12/20/20,India,333.0
12/21/20,19556.0,12/21/20,India,301.0
12/22/20,23950.0,12/22/20,India,333.0
12/23/20,24712.0,12/23/20,India,312.0
12/24/20,23067.0,12/24/20,India,336.0
12/25/20,22273.0,12/25/20,India,251.0
12/26/20,18732.0,12/26/20,India,279.0
12/27/20,20021.0,12/27/20,India,279.0
12/28/20,16432.0,12/28/20,India,252.0
12/29/20,20549.0,12/29/20,India,286.0
12/30/20,21822.0,12/30/20,India,299.0
12/31/20,20035.0,12/31/20,India,256.0
1/1/21,19079.0,1/1/21,India,224.0
1/2/21,18177.0,1/2/21,India,217.0
1/3/21,16504.0,1/3/21,India,214.0
1/4/21,16375.0,1/4/21,India,201.0
1/5/21,18088.0,1/5/21,India,264.0
1/6/21,20346.0,1/6/21,India,222.0
1/7/21,18139.0,1/7/21,India,234.0
1/8/21,0.0,1/8/21,India,0.0
1/9/21,36867.0,1/9/21,India,429.0
1/10/21,16311.0,1/10/21,India,161.0
1/11/21,12584.0,1/11/21,India,167.0
1/12/21,15968.0,1/12/21,India,202.0
1/13/21,16946.0,1/13/21,India,198.0
1/14/21,15590.0,1/14/21,India,191.0
1/15/21,15158.0,1/15/21,India,175.0
1/16/21,15144.0,1/16/21,India,181.0
1/17/21,13788.0,1/17/21,India,145.0
1/18/21,10050.0,1/18/21,India,137.0
1/19/21,13816.0,1/19/21,India,162.0
1/20/21,15244.0,1/20/21,India,151.0
1/21/21,14545.0,1/21/21,India,163.0
1/22/21,14256.0,1/22/21,India,152.0
1/23/21,14849.0,1/23/21,India,155.0
1/24/21,13203.0,1/24/21,India,131.0
1/25/21,9102.0,1/25/21,India,117.0
1/26/21,12689.0,1/26/21,India,137.0
1/27/21,11666.0,1/27/21,India,123.0
1/28/21,18855.0,1/28/21,India,163.0
1/29/21,13082.0,1/29/21,India,137.0
1/30/21,13044.0,1/30/21,India,127.0
1/31/21,11436.0,1/31/21,India,118.0
2/1/21,8635.0,2/1/21,India,94.0
2/2/21,11039.0,2/2/21,India,110.0
2/3/21,12899.0,2/3/21,India,107.0
2/4/21,12408.0,2/4/21,India,120.0
2/5/21,11713.0,2/5/21,India,95.0
2/6/21,12059.0,2/6/21,India,78.0
2/7/21,11831.0,2/7/21,India,84.0
2/8/21,9110.0,2/8/21,India,78.0
2/9/21,11067.0,2/9/21,India,94.0
2/10/21,12923.0,2/10/21,India,108.0
2/11/21,9309.0,2/11/21,India,87.0
2/12/21,12143.0,2/12/21,India,103.0
2/13/21,12194.0,2/13/21,India,92.0
2/14/21,11649.0,2/14/21,India,90.0
2/15/21,9121.0,2/15/21,India,81.0
2/16/21,11610.0,2/16/21,India,100.0
2/17/21,12881.0,2/17/21,India,101.0
2/18/21,13193.0,2/18/21,India,97.0
2/19/21,13993.0,2/19/21,India,101.0
2/20/21,14264.0,2/20/21,India,90.0
2/21/21,14199.0,2/21/21,India,83.0
2/22/21,10584.0,2/22/21,India,78.0
2/23/21,13742.0,2/23/21,India,104.0
2/24/21,16738.0,2/24/21,India,138.0
2/25/21,16577.0,2/25/21,India,120.0
2/26/21,16488.0,2/26/21,India,113.0
2/27/21,16752.0,2/27/21,India,113.0
2/28/21,15510.0,2/28/21,India,106.0
3/1/21,12286.0,3/1/21,India,91.0
3/2/21,14989.0,3/2/21,India,98.0
3/3/21,17407.0,3/3/21,India,89.0
3/4/21,16838.0,3/4/21,India,113.0
3/5/21,18284.0,3/5/21,India,108.0
3/6/21,18754.0,3/6/21,India,100.0
3/7/21,18599.0,3/7/21,India,97.0
3/8/21,15388.0,3/8/21,India,77.0
3/9/21,17921.0,3/9/21,India,133.0
3/10/21,22854.0,3/10/21,India,126.0
3/11/21,23285.0,3/11/21,India,117.0
3/12/21,24882.0,3/12/21,India,140.0
3/13/21,25320.0,3/13/21,India,161.0
3/14/21,26291.0,3/14/21,India,118.0
3/15/21,24492.0,3/15/21,India,131.0
3/16/21,28903.0,3/16/21,India,188.0
3/17/21,35871.0,3/17/21,India,172.0
3/18/21,39726.0,3/18/21,India,154.0
3/19/21,40953.0,3/19/21,India,188.0
3/20/21,43846.0,3/20/21,India,197.0
3/21/21,46951.0,3/21/21,India,212.0
3/22/21,40715.0,3/22/21,India,199.0
3/23/21,47262.0,3/23/21,India,275.0
3/24/21,53476.0,3/24/21,India,251.0
3/25/21,59118.0,3/25/21,India,257.0
3/26/21,62258.0,3/26/21,India,291.0
3/27/21,62714.0,3/27/21,India,312.0
3/28/21,68020.0,3/28/21,India,291.0
3/29/21,56211.0,3/29/21,India,271.0
3/30/21,53480.0,3/30/21,India,354.0
3/31/21,72330.0,3/31/21,India,459.0
4/1/21,81466.0,4/1/21,India,469.0
4/2/21,89129.0,4/2/21,India,714.0
4/3/21,93249.0,4/3/21,India,513.0
4/4/21,103558.0,4/4/21,India,478.0
4/5/21,96982.0,4/5/21,India,446.0
4/6/21,115736.0,4/6/21,India,630.0
4/7/21,126789.0,4/7/21,India,685.0
4/8/21,131968.0,4/8/21,India,780.0
4/9/21,145384.0,4/9/21,India,794.0
4/10/21,152879.0,4/10/21,India,839.0
4/11/21,168912.0,4/11/21,India,904.0
4/12/21,161736.0,4/12/21,India,879.0
4/13/21,184372.0,4/13/21,India,1027.0
4/14/21,200739.0,4/14/21,India,1038.0
4/15/21,217353.0,4/15/21,India,1185.0
4/16/21,234692.0,4/16/21,India,1341.0
4/17/21,261394.0,4/17/21,India,1501.0
4/18/21,273802.0,4/18/21,India,1619.0
4/19/21,259167.0,4/19/21,India,1761.0
4/20/21,295158.0,4/20/21,India,2023.0
4/21/21,314644.0,4/21/21,India,2104.0
4/22/21,332921.0,4/22/21,India,2263.0
4/23/21,346786.0,4/23/21,India,2624.0
4/24/21,349691.0,4/24/21,India,2767.0
4/25/21,352991.0,4/25/21,India,2812.0
4/26/21,323023.0,4/26/21,India,2771.0
4/27/21,360927.0,4/27/21,India,3293.0
4/28/21,379308.0,4/28/21,India,3645.0
4/29/21,386555.0,4/29/21,India,3498.0
4/30/21,401993.0,4/30/21,India,3523.0
5/1/21,392488.0,5/1/21,India,3689.0
5/2/21,368060.0,5/2/21,India,3417.0
5/3/21,357316.0,5/3/21,India,3449.0
5/4/21,382146.0,5/4/21,India,3780.0
5/5/21,412431.0,5/5/21,India,3980.0
5/6/21,414188.0,5/6/21,India,3915.0
5/7/21,401078.0,5/7/21,India,4187.0
5/8/21,403405.0,5/8/21,India,4077.0
5/9/21,366494.0,5/9/21,India,3769.0
5/10/21,329942.0,5/10/21,India,3876.0
5/11/21,348421.0,5/11/21,India,4205.0
5/12/21,362727.0,5/12/21,India,4120.0
5/13/21,343144.0,5/13/21,India,4000.0
5/14/21,326098.0,5/14/21,India,3890.0
5/15/21,311170.0,5/15/21,India,4077.0
5/16/21,281386.0,5/16/21,India,4106.0
5/17/21,263533.0,5/17/21,India,4329.0
5/18/21,267334.0,5/18/21,India,4529.0
5/19/21,276110.0,5/19/21,India,3874.0
5/20/21,259551.0,5/20/21,India,4209.0
5/21/21,257299.0,5/21/21,India,4194.0
5/22/21,240842.0,5/22/21,India,3741.0
5/23/21,222315.0,5/23/21,India,4454.0
5/24/21,196427.0,5/24/21,India,3511.0
5/25/21,208921.0,5/25/21,India,4157.0
5/26/21,211298.0,5/26/21,India,3847.0
5/27/21,186364.0,5/27/21,India,3660.0
5/28/21,173790.0,5/28/21,India,3617.0
5/29/21,165553.0,5/29/21,India,3460.0
5/30/21,152734.0,5/30/21,India,3128.0
5/31/21,127510.0,5/31/21,India,2795.0
6/1/21,132788.0,6/1/21,India,3207.0
6/2/21,134154.0,6/2/21,India,2887.0
6/3/21,132364.0,6/3/21,India,2713.0
6/4/21,120529.0,6/4/21,India,3380.0
6/5/21,114460.0,6/5/21,India,2677.0
6/6/21,100636.0,6/6/21,India,2427.0
6/7/21,86498.0,6/7/21,India,2123.0
6/8/21,92596.0,6/8/21,India,2219.0
6/9/21,93463.0,6/9/21,India,2177.0
6/10/21,92291.0,6/10/21,India,7374.0
6/11/21,84332.0,6/11/21,India,4002.0
6/12/21,80834.0,6/12/21,India,3303.0
6/13/21,70421.0,6/13/21,India,3921.0
6/14/21,60471.0,6/14/21,India,2726.0
6/15/21,62224.0,6/15/21,India,2542.0
6/16/21,67208.0,6/16/21,India,2330.0
6/17/21,62480.0,6/17/21,India,1587.0
6/18/21,60753.0,6/18/21,India,1647.0
6/19/21,58226.0,6/19/21,India,1571.0
6/20/21,53449.0,6/20/21,India,1427.0
6/21/21,42640.0,6/21/21,India,1167.0
6/22/21,50848.0,6/22/21,India,1358.0
6/23/21,54069.0,6/23/21,India,1321.0
6/24/21,51667.0,6/24/21,India,1329.0
6/25/21,48698.0,6/25/21,India,1183.0
6/26/21,50040.0,6/26/21,India,1258.0
6/27/21,46148.0,6/27/21,India,979.0
6/28/21,37566.0,6/28/21,India,907.0
6/29/21,45951.0,6/29/21,India,817.0
6/30/21,48786.0,6/30/21,India,1005.0
7/1/21,46617.0,7/1/21,India,853.0
7/2/21,44111.0,7/2/21,India,738.0
7/3/21,43071.0,7/3/21,India,955.0
7/4/21,39796.0,7/4/21,India,723.0
7/5/21,34703.0,7/5/21,India,553.0
7/6/21,43733.0,7/6/21,India,930.0
7/7/21,45892.0,7/7/21,India,817.0
7/8/21,43393.0,7/8/21,India,911.0
7/9/21,42766.0,7/9/21,India,1206.0
7/10/21,41506.0,7/10/21,India,895.0
7/11/21,37154.0,7/11/21,India,724.0
7/12/21,32906.0,7/12/21,India,2020.0
7/13/21,38865.0,7/13/21,India,622.0
7/14/21,41733.0,7/14/21,India,583.0
7/15/21,38949.0,7/15/21,India,542.0
7/16/21,38079.0,7/16/21,India,560.0
7/17/21,41157.0,7/17/21,India,518.0
7/18/21,38164.0,7/18/21,India,499.0
7/19/21,30093.0,7/19/21,India,374.0
7/20/21,42015.0,7/20/21,India,3998.0
7/21/21,41383.0,7/21/21,India,507.0
7/22/21,35342.0,7/22/21,India,483.0
7/23/21,0.0,7/23/21,India,0.0
7/24/21,78839.0,7/24/21,India,1081.0
7/25/21,39361.0,7/25/21,India,416.0
7/26/21,29689.0,7/26/21,India,415.0
7/27/21,43654.0,7/27/21,India,640.0
7/28/21,43509.0,7/28/21,India,640.0
7/29/21,44230.0,7/29/21,India,555.0
7/30/21,41649.0,7/30/21,India,593.0
7/31/21,41831.0,7/31/21,India,541.0
8/1/21,40134.0,8/1/21,India,422.0
8/2/21,30549.0,8/2/21,India,422.0
8/3/21,42625.0,8/3/21,India,562.0
8/4/21,42982.0,8/4/21,India,533.0
8/5/21,44643.0,8/5/21,India,464.0
8/6/21,38628.0,8/6/21,India,617.0
8/7/21,39070.0,8/7/21,India,491.0
8/8/21,35499.0,8/8/21,India,447.0
8/9/21,28204.0,8/9/21,India,373.0
8/10/21,38353.0,8/10/21,India,497.0
8/11/21,41195.0,8/11/21,India,490.0
8/12/21,40120.0,8/12/21,India,585.0
8/13/21,38667.0,8/13/21,India,478.0
8/14/21,36083.0,8/14/21,India,493.0
8/15/21,32937.0,8/15/21,India,417.0
8/16/21,25166.0,8/16/21,India,437.0
8/17/21,35178.0,8/17/21,India,440.0
8/18/21,36401.0,8/18/21,India,530.0
8/19/21,36571.0,8/19/21,India,540.0
8/20/21,34457.0,8/20/21,India,375.0
8/21/21,30948.0,8/21/21,India,403.0
8/22/21,25072.0,8/22/21,India,389.0
8/23/21,25467.0,8/23/21,India,354.0
8/24/21,37593.0,8/24/21,India,648.0
8/25/21,46164.0,8/25/21,India,607.0
8/26/21,44658.0,8/26/21,India,496.0
8/27/21,46759.0,8/27/21,India,509.0
8/28/21,45083.0,8/28/21,India,460.0
8/29/21,42909.0,8/29/21,India,380.0
8/30/21,30941.0,8/30/21,India,350.0
8/31/21,41965.0,8/31/21,India,460.0
9/1/21,47092.0,9/1/21,India,509.0
9/2/21,45352.0,9/2/21,India,366.0
9/3/21,42618.0,9/3/21,India,330.0
9/4/21,42766.0,9/4/21,India,308.0
9/5/21,38948.0,9/5/21,India,219.0
9/6/21,31222.0,9/6/21,India,290.0
9/7/21,37875.0,9/7/21,India,369.0
9/8/21,43263.0,9/8/21,India,338.0
9/9/21,34973.0,9/9/21,India,260.0
9/10/21,33376.0,9/10/21,India,308.0
9/11/21,28591.0,9/11/21,India,338.0
9/12/21,27254.0,9/12/21,India,219.0
9/13/21,25404.0,9/13/21,India,339.0
9/14/21,27176.0,9/14/21,India,284.0
9/15/21,30570.0,9/15/21,India,431.0
9/16/21,34403.0,9/16/21,India,320.0
9/17/21,35662.0,9/17/21,India,281.0
9/18/21,30773.0,9/18/21,India,309.0
9/19/21,30256.0,9/19/21,India,295.0
9/20/21,26115.0,9/20/21,India,252.0
9/21/21,26964.0,9/21/21,India,383.0
9/22/21,31923.0,9/22/21,India,282.0
9/23/21,31382.0,9/23/21,India,318.0
9/24/21,29616.0,9/24/21,India,290.0
9/25/21,28326.0,9/25/21,India,260.0
9/26/21,26041.0,9/26/21,India,276.0
9/27/21,18795.0,9/27/21,India,179.0
9/28/21,18870.0,9/28/21,India,378.0
9/29/21,23529.0,9/29/21,India,311.0
9/30/21,26727.0,9/30/21,India,277.0
10/1/21,24354.0,10/1/21,India,234.0
10/2/21,22842.0,10/2/21,India,244.0
10/3/21,20799.0,10/3/21,India,180.0
10/4/21,18346.0,10/4/21,India,263.0
10/5/21,18833.0,10/5/21,India,278.0
10/6/21,22431.0,10/6/21,India,318.0
10/7/21,21257.0,10/7/21,India,271.0
10/8/21,19740.0,10/8/21,India,248.0
10/9/21,18166.0,10/9/21,India,214.0
10/10/21,18132.0,10/10/21,India,193.0
10/11/21,14313.0,10/11/21,India,181.0
10/12/21,15823.0,10/12/21,India,226.0
10/13/21,18987.0,10/13/21,India,246.0
10/14/21,16862.0,10/14/21,India,379.0
10/15/21,15981.0,10/15/21,India,166.0
10/16/21,14146.0,10/16/21,India,144.0
10/17/21,13596.0,10/17/21,India,166.0
10/18/21,13058.0,10/18/21,India,164.0
10/19/21,14623.0,10/19/21,India,197.0
10/20/21,18454.0,10/20/21,India,160.0
10/21/21,15786.0,10/21/21,India,231.0
10/22/21,16326.0,10/22/21,India,666.0
10/23/21,15906.0,10/23/21,India,561.0
10/24/21,14306.0,10/24/21,India,443.0
10/25/21,12428.0,10/25/21,India,356.0
10/26/21,13451.0,10/26/21,India,585.0
10/27/21,16156.0,10/27/21,India,733.0
10/28/21,14348.0,10/28/21,India,805.0
10/29/21,14313.0,10/29/21,India,549.0
10/30/21,12830.0,10/30/21,India,446.0
10/31/21,12514.0,10/31/21,India,251.0
11/1/21,10423.0,11/1/21,India,443.0
11/2/21,11903.0,11/2/21,India,311.0
11/3/21,12885.0,11/3/21,India,461.0
11/4/21,12729.0,11/4/21,India,221.0
11/5/21,10929.0,11/5/21,India,392.0
11/6/21,10826.0,11/6/21,India,526.0
11/7/21,11478.0,11/7/21,India,266.0
11/8/21,10126.0,11/8/21,India,332.0
11/9/21,11466.0,11/9/21,India,460.0
11/10/21,13091.0,11/10/21,India,340.0
11/11/21,12516.0,11/11/21,India,501.0
11/12/21,11850.0,11/12/21,India,555.0
11/13/21,11271.0,11/13/21,India,285.0
11/14/21,10229.0,11/14/21,India,125.0
11/15/21,8865.0,11/15/21,India,197.0
11/16/21,10197.0,11/16/21,India,301.0
11/17/21,11919.0,11/17/21,India,470.0
11/18/21,11106.0,11/18/21,India,459.0
